geohash_5,geohash_5_lat_lon,geohash_5_lat,geohash_5_lon
t9qcx,"(7.3, 77.3)",7.3,77.3
te3tm,"(19.2, 69.9)",19.2,69.9
t9pgx,"(6.3, 78.7)",6.3,78.7
tdc01,"(15.5, 69.0)",15.5,69.0
tbgpb,"(5.6, 83.0)",5.6,83.0
tch0g,"(5.8, 84.5)",5.8,84.5
ts192,"(22.7, 69.6)",22.7,69.6
tc503,"(5.7, 83.0)",5.7,83.0
tbbxq,"(5.5, 79.7)",5.5,79.7
te3f9,"(18.7, 70.0)",18.7,70.0
t7svm,"(20.6, 63.2)",20.6,63.2
tcj8y,"(5.8, 86.8)",5.8,86.8
tdbp2,"(16.8, 67.5)",16.8,67.5
w15es,"(6.3, 95.1)",6.3,95.1
td6fm,"(13.1, 71.6)",13.1,71.6
tebzz,"(22.5, 68.9)",22.5,68.9
tch0w,"(5.7, 84.7)",5.7,84.7
te7s1,"(19.0, 72.5)",19.0,72.5
ts188,"(22.6, 69.6)",22.6,69.6
td7zp,"(13.9, 73.1)",13.9,73.1
tdeqf,"(15.3, 72.2)",15.3,72.2
t9qcj,"(7.2, 77.2)",7.2,77.2
tdhtd,"(12.2, 73.9)",12.2,73.9
tbbzh,"(5.5, 80.0)",5.5,80.0
tdcq1,"(16.5, 69.3)",16.5,69.3
w24p1,"(1.3, 104.1)",1.3,104.1
w155v,"(6.3, 94.5)",6.3,94.5
tch0r,"(5.7, 84.7)",5.7,84.7
w1j0c,"(5.8, 97.1)",5.8,97.1
tdke8,"(13.3, 73.9)",13.3,73.9
te9mp,"(20.6, 69.6)",20.6,69.6
tcjbe,"(5.7, 87.0)",5.7,87.0
w1174,"(6.2, 91.9)",6.2,91.9
te59x,"(17.2, 72.8)",17.2,72.8
w0vwf,"(5.4, 97.8)",5.4,97.8
tede3,"(20.3, 71.1)",20.3,71.1
tbbxr,"(5.5, 79.8)",5.5,79.8
te4c2,"(17.1, 71.4)",17.1,71.4
te9m4,"(20.6, 69.4)",20.6,69.4
tcp44,"(6.0, 88.7)",6.0,88.7
w14gb,"(6.3, 93.9)",6.3,93.9
tdhrq,"(12.5, 73.8)",12.5,73.8
tc108,"(5.7, 80.2)",5.7,80.2
t7tne,"(20.9, 63.4)",20.9,63.4
w0x75,"(3.4, 100.3)",3.4,100.3
t9ptt,"(6.6, 78.3)",6.6,78.3
tdj0d,"(11.4, 74.6)",11.4,74.6
w0rzg,"(2.8, 101.1)",2.8,101.1
w11gq,"(6.2, 92.7)",6.2,92.7
t7tnj,"(20.8, 63.5)",20.8,63.5
w2erk,"(4.1, 106.0)",4.1,106.0
te7ge,"(18.9, 72.9)",18.9,72.9
tees9,"(20.5, 72.5)",20.5,72.5
t9vn3,"(11.0, 74.6)",11.0,74.6
td5rd,"(12.6, 72.2)",12.6,72.2
w0rzy,"(2.8, 101.2)",2.8,101.2
w0zqf,"(5.4, 100.3)",5.4,100.3
w0vv2,"(5.2, 98.1)",5.2,98.1
tdeqr,"(15.2, 72.4)",15.2,72.4
w3ht9,"(6.6, 107.6)",6.6,107.6
w15sn,"(6.4, 95.2)",6.4,95.2
w11dc,"(6.1, 92.2)",6.1,92.2
w0y4r,"(4.6, 98.8)",4.6,98.8
w15g9,"(6.3, 95.3)",6.3,95.3
te623,"(18.3, 70.7)",18.3,70.7
w3hkm,"(6.4, 107.5)",6.4,107.5
tc0cc,"(6.0, 79.9)",6.0,79.9
t7pdd,"(17.3, 66.9)",17.3,66.9
w2316,"(1.6, 102.8)",1.6,102.8
w21zy,"(1.4, 104.0)",1.4,104.0
w2e58,"(3.4, 105.5)",3.4,105.5
tds5f,"(14.7, 73.2)",14.7,73.2
w3hqn,"(6.7, 107.5)",6.7,107.5
t9vn9,"(11.0, 74.6)",11.0,74.6
t9r0w,"(7.1, 77.6)",7.1,77.6
w2gyk,"(5.3, 106.7)",5.3,106.7
w22p1,"(2.7, 101.3)",2.7,101.3
w0xhf,"(3.7, 100.0)",3.7,100.0
w21zv,"(1.4, 104.0)",1.4,104.0
td6qe,"(13.8, 70.8)",13.8,70.8
w10d8,"(6.1, 90.7)",6.1,90.7
t9pm4,"(6.5, 77.8)",6.5,77.8
tbfpz,"(5.6, 81.9)",5.6,81.9
w0vus,"(5.0, 98.3)",5.0,98.3
td7up,"(13.4, 73.1)",13.4,73.1
tcpfm,"(6.0, 89.9)",6.0,89.9
t9qm4,"(7.9, 76.4)",7.9,76.4
w0vtx,"(5.2, 98.1)",5.2,98.1
w11ej,"(6.2, 92.4)",6.2,92.4
tdccz,"(15.8, 70.3)",15.8,70.3
td6py,"(14.0, 70.6)",14.0,70.6
tedd1,"(20.1, 71.1)",20.1,71.1
tkj4h,"(22.9, 63.5)",22.9,63.5
tcpdk,"(6.0, 89.5)",6.0,89.5
t7nzs,"(18.2, 65.9)",18.2,65.9
te7g3,"(18.9, 72.8)",18.9,72.8
w114s,"(6.1, 91.6)",6.1,91.6
tc4b5,"(5.6, 82.8)",5.6,82.8
tdgv6,"(16.4, 72.9)",16.4,72.9
w0xd0,"(3.2, 100.6)",3.2,100.6
tch2f,"(5.8, 84.8)",5.8,84.8
t9tez,"(9.1, 75.6)",9.1,75.6
tcp1w,"(5.9, 88.9)",5.9,88.9
w11c8,"(5.9, 92.5)",5.9,92.5
w1456,"(6.2, 92.9)",6.2,92.9
tdej4,"(15.0, 71.8)",15.0,71.8
t7r4g,"(18.8, 66.2)",18.8,66.2
w0x9k,"(3.1, 100.7)",3.1,100.7
tdcsb,"(16.3, 69.6)",16.3,69.6
w116u,"(6.1, 92.0)",6.1,92.0
tdedz,"(14.6, 72.8)",14.6,72.8
w2ehu,"(3.7, 105.7)",3.7,105.7
w2319,"(1.7, 102.7)",1.7,102.7
w14ee,"(6.3, 93.7)",6.3,93.7
t9mze,"(8.4, 75.7)",8.4,75.7
tdhwz,"(12.5, 74.2)",12.5,74.2
tcn9g,"(6.0, 88.0)",6.0,88.0
tec28,"(21.2, 69.3)",21.2,69.3
w0y8h,"(4.2, 99.3)",4.2,99.3
w145n,"(6.2, 93.1)",6.2,93.1
tc0dh,"(6.0, 79.7)",6.0,79.7
t9v5r,"(10.4, 74.9)",10.4,74.9
tcn1k,"(5.9, 87.4)",5.9,87.4
tcnbg,"(5.8, 88.4)",5.8,88.4
tbgrr,"(5.5, 83.6)",5.5,83.6
tcp9x,"(5.9, 89.6)",5.9,89.6
tch0v,"(5.8, 84.6)",5.8,84.6
te0dh,"(17.2, 68.4)",17.2,68.4
w2dc6,"(3.1, 105.2)",3.1,105.2
w15gc,"(6.3, 95.3)",6.3,95.3
tdsh9,"(14.9, 73.2)",14.9,73.2
t7q6r,"(18.7, 65.4)",18.7,65.4
tcj1h,"(5.8, 86.0)",5.8,86.0
tch06,"(5.7, 84.5)",5.7,84.5
w0y4z,"(4.7, 98.8)",4.7,98.8
w3h24,"(5.6, 107.3)",5.6,107.3
w15eb,"(6.3, 94.9)",6.3,94.9
te99q,"(19.9, 69.9)",19.9,69.9
w14gg,"(6.3, 94.0)",6.3,94.0
tdhf3,"(11.7, 74.2)",11.7,74.2
t7q7c,"(19.0, 65.1)",19.0,65.1
tds4s,"(14.5, 73.3)",14.5,73.3
w21tz,"(1.0, 103.7)",1.0,103.7
tdehn,"(14.8, 72.0)",14.8,72.0
tchbq,"(5.7, 85.7)",5.7,85.7
t9qft,"(7.5, 77.2)",7.5,77.2
t9qf9,"(7.5, 77.1)",7.5,77.1
tkp9k,"(22.7, 67.0)",22.7,67.0
tbbz5,"(5.5, 80.0)",5.5,80.0
tcn3z,"(6.0, 87.9)",6.0,87.9
w2g3n,"(4.4, 106.1)",4.4,106.1
t9qqt,"(8.2, 76.5)",8.2,76.5
t9pqe,"(6.8, 77.8)",6.8,77.8
tc583,"(5.7, 83.7)",5.7,83.7
t9pr0,"(6.9, 77.7)",6.9,77.7
w14f8,"(6.1, 93.9)",6.1,93.9
td5u2,"(12.0, 72.8)",12.0,72.8
t9qcy,"(7.4, 77.3)",7.4,77.3
tbcx9,"(5.6, 80.9)",5.6,80.9
w2g98,"(4.5, 106.2)",4.5,106.2
t9tv6,"(9.4, 75.7)",9.4,75.7
tdk25,"(12.7, 73.6)",12.7,73.6
w0vrg,"(5.6, 97.5)",5.6,97.5
tbgxf,"(5.6, 83.8)",5.6,83.8
tbcr2,"(5.5, 80.5)",5.5,80.5
tdgz1,"(16.7, 72.8)",16.7,72.8
w11fb,"(6.1, 92.5)",6.1,92.5
t7r88,"(18.4, 66.8)",18.4,66.8
w266w,"(1.9, 104.7)",1.9,104.7
tdcsh,"(16.2, 69.8)",16.2,69.8
w0y56,"(4.8, 98.5)",4.8,98.5
teexe,"(21.0, 72.6)",21.0,72.6
tdcpb,"(16.9, 68.9)",16.9,68.9
t9tw9,"(9.6, 75.3)",9.6,75.3
t7w0m,"(19.8, 64.9)",19.8,64.9
t9tgk,"(9.0, 75.8)",9.0,75.8
w10fu,"(6.1, 91.3)",6.1,91.3
tdhtj,"(12.2, 74.1)",12.2,74.1
tbfpu,"(5.6, 81.8)",5.6,81.8
tcn3v,"(6.0, 87.8)",6.0,87.8
td7zv,"(14.0, 73.0)",14.0,73.0
te7e7,"(18.9, 72.6)",18.9,72.6
tbcpu,"(5.6, 80.4)",5.6,80.4
tbcze,"(5.6, 81.4)",5.6,81.4
w0vwk,"(5.3, 97.9)",5.3,97.9
w1148,"(6.1, 91.4)",6.1,91.4
t9ttw,"(9.4, 75.5)",9.4,75.5
t9tbb,"(8.6, 75.6)",8.6,75.6
t7th8,"(20.5, 63.3)",20.5,63.3
t9qpd,"(8.4, 76.0)",8.4,76.0
w11dg,"(6.1, 92.3)",6.1,92.3
tc50m,"(5.7, 83.2)",5.7,83.2
ts12z,"(22.7, 69.6)",22.7,69.6
tddum,"(14.8, 71.6)",14.8,71.6
t9v2n,"(9.9, 75.2)",9.9,75.2
tc485,"(5.6, 82.4)",5.6,82.4
tdd0e,"(14.2, 70.5)",14.2,70.5
w0x6u,"(3.3, 100.4)",3.3,100.4
w147n,"(6.2, 93.4)",6.2,93.4
w21zp,"(1.3, 104.0)",1.3,104.0
w22fb,"(1.9, 102.3)",1.9,102.3
w2ejw,"(3.8, 105.8)",3.8,105.8
t9tu9,"(9.3, 75.7)",9.3,75.7
tdghd,"(16.3, 71.8)",16.3,71.8
te5en,"(17.4, 72.7)",17.4,72.7
t9tpu,"(9.8, 74.7)",9.8,74.7
w0vw7,"(5.3, 97.9)",5.3,97.9
w21yg,"(1.2, 103.9)",1.2,103.9
tcp6h,"(6.0, 89.1)",6.0,89.1
tch8u,"(5.8, 85.3)",5.8,85.3
tbgpg,"(5.6, 83.1)",5.6,83.1
te5tu,"(17.9, 72.6)",17.9,72.6
tbfne,"(5.4, 81.7)",5.4,81.7
w2upj,"(5.5, 107.1)",5.5,107.1
w26e9,"(2.0, 104.8)",2.0,104.8
w116d,"(6.1, 91.9)",6.1,91.9
tcncv,"(6.0, 88.5)",6.0,88.5
tdj1n,"(11.4, 74.8)",11.4,74.8
tcpfx,"(6.1, 90.0)",6.1,90.0
tdgj9,"(16.5, 71.8)",16.5,71.8
te786,"(18.3, 72.5)",18.3,72.5
tec4h,"(21.5, 69.1)",21.5,69.1
w1hc0,"(5.8, 96.7)",5.8,96.7
te7gd,"(18.9, 72.9)",18.9,72.9
te9b8,"(19.8, 70.0)",19.8,70.0
tec1t,"(21.4, 69.1)",21.4,69.1
tbcrx,"(5.6, 80.8)",5.6,80.8
tddtx,"(15.1, 71.3)",15.1,71.3
tcp9v,"(6.0, 89.5)",6.0,89.5
w1030,"(5.8, 90.4)",5.8,90.4
tbcp6,"(5.5, 80.3)",5.5,80.3
tdgvf,"(16.5, 72.9)",16.5,72.9
tcn3e,"(5.9, 87.7)",5.9,87.7
w11gj,"(6.2, 92.7)",6.2,92.7
t9tbp,"(8.5, 75.9)",8.5,75.9
w2df5,"(3.2, 105.3)",3.2,105.3
tcncg,"(6.0, 88.4)",6.0,88.4
w0rzz,"(2.8, 101.2)",2.8,101.2
w22nf,"(2.6, 101.4)",2.6,101.4
w26ts,"(2.4, 105.0)",2.4,105.0
t7qj9,"(19.3, 64.8)",19.3,64.8
tcj2w,"(5.7, 86.4)",5.7,86.4
tde9z,"(14.4, 72.8)",14.4,72.8
t9tcs,"(8.7, 75.8)",8.7,75.8
tdg5n,"(16.0, 72.0)",16.0,72.0
w155g,"(6.3, 94.4)",6.3,94.4
tc527,"(5.7, 83.5)",5.7,83.5
w1h98,"(5.9, 96.4)",5.9,96.4
t9ugd,"(10.5, 74.3)",10.5,74.3
tkn3z,"(22.8, 65.4)",22.8,65.4
t7p9y,"(17.2, 67.1)",17.2,67.1
w1j06,"(5.7, 97.1)",5.7,97.1
w21wj,"(1.1, 103.6)",1.1,103.6
w10dz,"(6.1, 91.0)",6.1,91.0
t9tg2,"(9.0, 75.6)",9.0,75.6
w266z,"(1.9, 104.7)",1.9,104.7
tbfr0,"(5.5, 81.9)",5.5,81.9
t9tgn,"(9.0, 75.9)",9.0,75.9
tcp6n,"(6.0, 89.2)",6.0,89.2
t7qgz,"(19.0, 66.1)",19.0,66.1
t9r0q,"(7.1, 77.6)",7.1,77.6
tc5b8,"(5.7, 84.0)",5.7,84.0
w21w6,"(1.1, 103.5)",1.1,103.5
w2317,"(1.6, 102.8)",1.6,102.8
tdesg,"(14.9, 72.6)",14.9,72.6
t9tte,"(9.4, 75.4)",9.4,75.4
tch8f,"(5.8, 85.2)",5.8,85.2
t9vm2,"(10.8, 74.9)",10.8,74.9
tc0b4,"(5.6, 79.9)",5.6,79.9
tcpd6,"(6.0, 89.4)",6.0,89.4
tdf21,"(15.5, 70.7)",15.5,70.7
w2g2u,"(4.4, 106.0)",4.4,106.0
tec24,"(21.1, 69.4)",21.1,69.4
td6sn,"(13.4, 71.3)",13.4,71.3
w2e5g,"(3.5, 105.6)",3.5,105.6
tdj4t,"(11.7, 74.8)",11.7,74.8
tdbnm,"(16.6, 67.7)",16.6,67.7
tdej8,"(15.1, 71.7)",15.1,71.7
w114f,"(6.1, 91.5)",6.1,91.5
t9qg6,"(7.6, 77.1)",7.6,77.1
t9psv,"(6.5, 78.3)",6.5,78.3
t9qph,"(8.3, 76.1)",8.3,76.1
tbgzx,"(5.6, 84.4)",5.6,84.4
tcpcv,"(6.0, 89.9)",6.0,89.9
t7pz2,"(18.2, 67.2)",18.2,67.2
w0zjg,"(5.3, 100.0)",5.3,100.0
ts10f,"(22.7, 69.0)",22.7,69.0
tdjh7,"(12.0, 74.7)",12.0,74.7
tkn9s,"(22.8, 65.6)",22.8,65.6
w22ee,"(2.0, 102.1)",2.0,102.1
t9puz,"(6.5, 78.7)",6.5,78.7
w230x,"(1.5, 103.0)",1.5,103.0
w0vv5,"(5.1, 98.2)",5.1,98.2
t9qcd,"(7.3, 77.1)",7.3,77.1
w2e51,"(3.4, 105.5)",3.4,105.5
tc484,"(5.6, 82.4)",5.6,82.4
w10f8,"(6.1, 91.1)",6.1,91.1
tebuz,"(22.0, 68.9)",22.0,68.9
tbbzq,"(5.5, 80.1)",5.5,80.1
tc0cq,"(5.9, 80.1)",5.9,80.1
tdgg7,"(16.1, 72.9)",16.1,72.9
te99p,"(19.9, 69.9)",19.9,69.9
te7s9,"(19.1, 72.5)",19.1,72.5
w263t,"(1.7, 104.7)",1.7,104.7
w26xz,"(2.8, 105.1)",2.8,105.1
ts18m,"(22.6, 69.9)",22.6,69.9
tch9p,"(5.8, 85.4)",5.8,85.4
w21ww,"(1.2, 103.6)",1.2,103.6
tbcz3,"(5.5, 81.3)",5.5,81.3
tc52q,"(5.7, 83.6)",5.7,83.6
ts011,"(22.7, 67.6)",22.7,67.6
w1j07,"(5.7, 97.2)",5.7,97.2
w1045,"(6.0, 90.2)",6.0,90.2
w22nw,"(2.6, 101.5)",2.6,101.5
w1h99,"(5.9, 96.4)",5.9,96.4
t9tw4,"(9.5, 75.3)",9.5,75.3
w10g5,"(6.2, 91.2)",6.2,91.2
t7ted,"(20.3, 64.1)",20.3,64.1
tec5b,"(21.8, 68.9)",21.8,68.9
te3bj,"(18.3, 70.2)",18.3,70.2
tc08s,"(5.7, 79.7)",5.7,79.7
tchc0,"(5.8, 85.5)",5.8,85.5
tdhgb,"(11.9, 74.2)",11.9,74.2
w106e,"(6.1, 90.5)",6.1,90.5
tbcyh,"(5.3, 81.4)",5.3,81.4
tbfz5,"(5.5, 82.8)",5.5,82.8
tbfwz,"(5.4, 82.6)",5.4,82.6
teexu,"(21.1, 72.6)",21.1,72.6
w2dfv,"(3.3, 105.4)",3.3,105.4
w0z22,"(4.3, 100.2)",4.3,100.2
td7xe,"(14.0, 72.6)",14.0,72.6
tcp2f,"(5.8, 89.1)",5.8,89.1
tdhtc,"(12.3, 73.9)",12.3,73.9
tch0n,"(5.6, 84.7)",5.6,84.7
t9tmh,"(9.3, 75.1)",9.3,75.1
w3k9m,"(7.3, 107.8)",7.3,107.8
t9pv3,"(6.6, 78.5)",6.6,78.5
w1457,"(6.2, 93.0)",6.2,93.0
w0vrw,"(5.6, 97.7)",5.6,97.7
te793,"(18.5, 72.5)",18.5,72.5
t9psu,"(6.5, 78.2)",6.5,78.2
tee9c,"(20.0, 72.5)",20.0,72.5
tc5bt,"(5.7, 84.3)",5.7,84.3
tbcnb,"(5.4, 80.2)",5.4,80.2
tc58w,"(5.7, 84.0)",5.7,84.0
w1h4e,"(6.1, 95.8)",6.1,95.8
tc04t,"(6.1, 79.0)",6.1,79.0
t7pvz,"(17.9, 67.5)",17.9,67.5
t7r4q,"(18.7, 66.4)",18.7,66.4
w11cd,"(5.9, 92.6)",5.9,92.6
w10en,"(6.2, 91.0)",6.2,91.0
w1450,"(6.2, 92.8)",6.2,92.8
t7u81,"(21.1, 62.6)",21.1,62.6
tdevz,"(15.1, 73.1)",15.1,73.1
tbcr8,"(5.6, 80.5)",5.6,80.5
tcp9h,"(5.8, 89.5)",5.8,89.5
te7d7,"(18.7, 72.6)",18.7,72.6
tbbyz,"(5.4, 80.1)",5.4,80.1
tch85,"(5.6, 85.2)",5.6,85.2
tcj0r,"(5.7, 86.1)",5.7,86.1
w2gve,"(5.2, 106.7)",5.2,106.7
tkpcm,"(22.7, 67.4)",22.7,67.4
t7sy3,"(20.8, 63.0)",20.8,63.0
w0xse,"(3.6, 100.7)",3.6,100.7
w1j11,"(5.8, 97.1)",5.8,97.1
td5w2,"(12.4, 72.4)",12.4,72.4
w2g9c,"(4.5, 106.2)",4.5,106.2
w15kn,"(6.4, 94.9)",6.4,94.9
tdhvd,"(12.2, 74.3)",12.2,74.3
t9ux0,"(11.1, 73.9)",11.1,73.9
w1h50,"(6.2, 95.6)",6.2,95.6
te632,"(18.5, 70.7)",18.5,70.7
te9w2,"(20.8, 69.6)",20.8,69.6
w26sd,"(2.2, 104.9)",2.2,104.9
w3h4q,"(6.0, 107.2)",6.0,107.2
td6r2,"(14.0, 70.7)",14.0,70.7
tcn0u,"(5.8, 87.4)",5.8,87.4
tdj0p,"(11.3, 74.9)",11.3,74.9
tcn9y,"(6.0, 88.2)",6.0,88.2
w2dfs,"(3.3, 105.3)",3.3,105.3
tdhsj,"(12.0, 74.1)",12.0,74.1
tc046,"(6.0, 78.9)",6.0,78.9
td7gz,"(13.3, 73.1)",13.3,73.1
tdk9g,"(13.0, 74.0)",13.0,74.0
teee2,"(20.3, 72.4)",20.3,72.4
w3hmk,"(6.6, 107.4)",6.6,107.4
tdk8u,"(12.8, 74.0)",12.8,74.0
w1015,"(5.8, 90.2)",5.8,90.2
w14e9,"(6.3, 93.6)",6.3,93.6
w113w,"(5.9, 92.0)",5.9,92.0
ts194,"(22.7, 69.7)",22.7,69.7
tdh26,"(11.3, 73.6)",11.3,73.6
t9prb,"(7.0, 77.7)",7.0,77.7
t9vpz,"(11.2, 74.9)",11.2,74.9
t9tfz,"(8.9, 75.9)",8.9,75.9
t9vnu,"(11.1, 74.7)",11.1,74.7
tcpd0,"(6.0, 89.3)",6.0,89.3
w263q,"(1.6, 104.7)",1.6,104.7
t9tcz,"(8.8, 75.9)",8.8,75.9
ts18w,"(22.6, 69.9)",22.6,69.9
t9pwn,"(6.7, 78.3)",6.7,78.3
t9t9v,"(8.8, 75.5)",8.8,75.5
tcj9k,"(5.9, 86.7)",5.9,86.7
w14er,"(6.2, 93.8)",6.2,93.8
w2ejx,"(3.8, 105.8)",3.8,105.8
tcpcf,"(6.0, 89.8)",6.0,89.8
tch21,"(5.6, 84.8)",5.6,84.8
w0x9n,"(3.0, 100.8)",3.0,100.8
w0wvz,"(3.8, 99.8)",3.8,99.8
w21rm,"(1.3, 103.2)",1.3,103.2
w10dt,"(6.1, 90.9)",6.1,90.9
w0y4w,"(4.7, 98.7)",4.7,98.7
tcn1r,"(5.9, 87.5)",5.9,87.5
w0xhp,"(3.5, 100.2)",3.5,100.2
tdkdc,"(13.2, 73.9)",13.2,73.9
w0vv8,"(5.2, 98.1)",5.2,98.1
tdk54,"(13.2, 73.2)",13.2,73.2
tcj9m,"(5.9, 86.7)",5.9,86.7
tcnf5,"(6.0, 88.4)",6.0,88.4
w22kz,"(2.3, 101.9)",2.3,101.9
tbupz,"(5.6, 84.7)",5.6,84.7
w0xhj,"(3.5, 100.1)",3.5,100.1
tdhxy,"(12.6, 74.1)",12.6,74.1
td6g6,"(13.2, 71.5)",13.2,71.5
w0x6g,"(3.3, 100.3)",3.3,100.3
tbfnr,"(5.3, 81.9)",5.3,81.9
tdh1n,"(11.4, 73.4)",11.4,73.4
tdhth,"(12.2, 74.0)",12.2,74.0
w22m9,"(2.4, 101.7)",2.4,101.7
tcn14,"(5.8, 87.3)",5.8,87.3
tbfzd,"(5.6, 82.7)",5.6,82.7
w15ez,"(6.3, 95.3)",6.3,95.3
tcj9h,"(5.8, 86.7)",5.8,86.7
w2gys,"(5.4, 106.7)",5.4,106.7
tcp6w,"(6.1, 89.2)",6.1,89.2
w0rze,"(2.7, 101.1)",2.7,101.1
t9pqc,"(6.8, 77.8)",6.8,77.8
t7szp,"(20.9, 63.3)",20.9,63.3
t9pgf,"(6.3, 78.5)",6.3,78.5
tdf9j,"(15.7, 71.3)",15.7,71.3
te3c7,"(18.5, 70.1)",18.5,70.1
w155z,"(6.3, 94.5)",6.3,94.5
tdkkp,"(13.4, 73.8)",13.4,73.8
w2dc3,"(3.1, 105.2)",3.1,105.2
t9v37,"(10.1, 75.0)",10.1,75.0
t9vnv,"(11.1, 74.8)",11.1,74.8
tdhw9,"(12.4, 73.9)",12.4,73.9
teed3,"(20.1, 72.5)",20.1,72.5
tddv2,"(15.0, 71.4)",15.0,71.4
te7s4,"(19.0, 72.5)",19.0,72.5
w155b,"(6.3, 94.2)",6.3,94.2
te4c8,"(17.2, 71.4)",17.2,71.4
tbfyu,"(5.4, 82.8)",5.4,82.8
w145q,"(6.2, 93.1)",6.2,93.1
w3hxd,"(7.0, 107.7)",7.0,107.7
t9uft,"(10.3, 74.4)",10.3,74.4
t7quh,"(19.0, 65.9)",19.0,65.9
w147k,"(6.2, 93.4)",6.2,93.4
tcp3m,"(5.9, 89.2)",5.9,89.2
tkh66,"(22.9, 62.3)",22.9,62.3
tcp1v,"(6.0, 88.8)",6.0,88.8
t9tx3,"(9.7, 75.3)",9.7,75.3
w0zpj,"(5.5, 100.1)",5.5,100.1
tdk5b,"(13.3, 73.1)",13.3,73.1
w0zhu,"(5.1, 100.0)",5.1,100.0
w155t,"(6.3, 94.5)",6.3,94.5
tee2p,"(19.7, 72.4)",19.7,72.4
tdg60,"(15.8, 72.1)",15.8,72.1
tc07h,"(6.2, 79.3)",6.2,79.3
tbgpp,"(5.5, 83.3)",5.5,83.3
tc038,"(5.9, 79.1)",5.9,79.1
w2gsr,"(5.0, 106.5)",5.0,106.5
w104v,"(6.1, 90.2)",6.1,90.2
te58x,"(17.0, 72.8)",17.0,72.8
ts196,"(22.7, 69.7)",22.7,69.7
w1j22,"(5.7, 97.4)",5.7,97.4
t9v70,"(10.4, 74.9)",10.4,74.9
tdcmn,"(16.4, 69.5)",16.4,69.5
w0vx1,"(5.5, 97.8)",5.5,97.8
w3hkw,"(6.4, 107.5)",6.4,107.5
t9tuk,"(9.2, 75.8)",9.2,75.8
t9txb,"(9.8, 75.3)",9.8,75.3
w3k8s,"(7.1, 107.8)",7.1,107.8
td5gn,"(11.8, 73.1)",11.8,73.1
te4my,"(17.9, 70.9)",17.9,70.9
tee93,"(19.9, 72.5)",19.9,72.5
t7qr9,"(19.6, 65.1)",19.6,65.1
w1093,"(5.9, 90.8)",5.9,90.8
tcj88,"(5.7, 86.5)",5.7,86.5
te0j6,"(17.8, 67.6)",17.8,67.6
w22f9,"(1.9, 102.4)",1.9,102.4
w26wj,"(2.5, 105.0)",2.5,105.0
tdbdw,"(15.9, 68.5)",15.9,68.5
tdkhs,"(13.5, 73.3)",13.5,73.3
tdhrn,"(12.5, 73.8)",12.5,73.8
w10dv,"(6.1, 90.9)",6.1,90.9
w10fe,"(6.1, 91.2)",6.1,91.2
t7u8w,"(21.2, 62.9)",21.2,62.9
w14e2,"(6.2, 93.5)",6.2,93.5
w3h17,"(5.9, 107.0)",5.9,107.0
te9mc,"(20.7, 69.3)",20.7,69.3
tdbkr,"(16.2, 68.2)",16.2,68.2
w0vrc,"(5.6, 97.4)",5.6,97.4
t9tdf,"(8.9, 75.3)",8.9,75.3
tbgrf,"(5.6, 83.4)",5.6,83.4
w0vrs,"(5.6, 97.6)",5.6,97.6
w26d2,"(1.8, 104.8)",1.8,104.8
t9v5y,"(10.5, 74.8)",10.5,74.8
tdgbj,"(15.5, 73.0)",15.5,73.0
te07e,"(17.5, 68.0)",17.5,68.0
tees3,"(20.5, 72.5)",20.5,72.5
tee3e,"(20.0, 72.2)",20.0,72.2
tee6n,"(20.1, 72.4)",20.1,72.4
w0x7b,"(3.5, 100.2)",3.5,100.2
t9qme,"(8.0, 76.4)",8.0,76.4
w3h4p,"(6.0, 107.2)",6.0,107.2
tdk4d,"(13.1, 73.2)",13.1,73.2
w10dk,"(6.0, 90.9)",6.0,90.9
tebvw,"(22.1, 68.8)",22.1,68.8
tc04j,"(6.0, 79.0)",6.0,79.0
tbbxm,"(5.5, 79.7)",5.5,79.7
tbfyy,"(5.4, 82.9)",5.4,82.9
t7tnk,"(20.8, 63.5)",20.8,63.5
tbupv,"(5.6, 84.6)",5.6,84.6
tc5bh,"(5.6, 84.2)",5.6,84.2
te9tv,"(20.7, 69.9)",20.7,69.9
te7dg,"(18.8, 72.6)",18.8,72.6
w3h4j,"(6.0, 107.1)",6.0,107.1
w114z,"(6.1, 91.7)",6.1,91.7
td9eu,"(14.7, 69.8)",14.7,69.8
teet1,"(20.6, 72.5)",20.6,72.5
t7pjt,"(17.9, 66.3)",17.9,66.3
w0wvy,"(3.8, 99.8)",3.8,99.8
w1hbv,"(5.8, 96.9)",5.8,96.9
tdhuh,"(12.0, 74.4)",12.0,74.4
tee1r,"(19.9, 72.0)",19.9,72.0
w0rzf,"(2.8, 101.0)",2.8,101.0
tkp39,"(22.8, 66.5)",22.8,66.5
tcpdm,"(6.0, 89.5)",6.0,89.5
tbgrc,"(5.6, 83.4)",5.6,83.4
teewd,"(20.9, 72.5)",20.9,72.5
tbcxx,"(5.6, 81.2)",5.6,81.2
w0y89,"(4.3, 99.2)",4.3,99.2
w3hdg,"(6.1, 107.7)",6.1,107.7
tee13,"(19.9, 71.8)",19.9,71.8
w14fv,"(6.1, 94.1)",6.1,94.1
tcpfq,"(6.0, 89.9)",6.0,89.9
w14g9,"(6.3, 93.9)",6.3,93.9
w14es,"(6.3, 93.7)",6.3,93.7
tdjn9,"(12.4, 74.6)",12.4,74.6
tcj92,"(5.9, 86.5)",5.9,86.5
tc04p,"(6.0, 79.1)",6.0,79.1
tebyv,"(22.3, 68.8)",22.3,68.8
tbcqt,"(5.4, 80.7)",5.4,80.7
w0xft,"(3.3, 101.1)",3.3,101.1
tee1g,"(20.0, 71.9)",20.0,71.9
t7r3c,"(18.6, 66.5)",18.6,66.5
t9qp7,"(8.3, 76.1)",8.3,76.1
w0y5d,"(4.9, 98.5)",4.9,98.5
teesc,"(20.5, 72.5)",20.5,72.5
w26t7,"(2.4, 104.9)",2.4,104.9
ts10w,"(22.6, 69.2)",22.6,69.2
t9pgg,"(6.3, 78.6)",6.3,78.6
w0xhq,"(3.6, 100.1)",3.6,100.1
t9uru,"(11.2, 73.7)",11.2,73.7
t9r0f,"(7.2, 77.5)",7.2,77.5
tdjj4,"(12.2, 74.6)",12.2,74.6
w0xb2,"(2.9, 100.9)",2.9,100.9
tchch,"(5.8, 85.6)",5.8,85.6
tbupt,"(5.6, 84.6)",5.6,84.6
t9pju,"(6.7, 77.5)",6.7,77.5
w2eh9,"(3.6, 105.5)",3.6,105.5
tdk27,"(12.7, 73.6)",12.7,73.6
tbfqx,"(5.4, 82.2)",5.4,82.2
w1h4c,"(6.1, 95.7)",6.1,95.7
w26xr,"(2.7, 105.1)",2.7,105.1
t9qcw,"(7.3, 77.3)",7.3,77.3
w21z4,"(1.3, 103.8)",1.3,103.8
tcn38,"(5.9, 87.6)",5.9,87.6
tdhrr,"(12.5, 73.8)",12.5,73.8
te9dj,"(20.1, 69.9)",20.1,69.9
w10fx,"(6.1, 91.4)",6.1,91.4
tc03j,"(5.8, 79.3)",5.8,79.3
w0rzv,"(2.8, 101.1)",2.8,101.1
t9qq2,"(8.2, 76.3)",8.2,76.3
t9v89,"(10.0, 75.3)",10.0,75.3
tcj14,"(5.8, 85.9)",5.8,85.9
te7qr,"(19.4, 72.4)",19.4,72.4
w117h,"(6.2, 92.0)",6.2,92.0
w1hc2,"(5.9, 96.7)",5.9,96.7
w3hwb,"(6.8, 107.6)",6.8,107.6
tbbxd,"(5.6, 79.6)",5.6,79.6
tc5b9,"(5.7, 84.1)",5.7,84.1
tcp0f,"(5.8, 88.7)",5.8,88.7
w2808,"(2.9, 101.3)",2.9,101.3
tdkhj,"(13.4, 73.4)",13.4,73.4
t9qc7,"(7.3, 77.1)",7.3,77.1
te4ej,"(17.4, 71.3)",17.4,71.3
te5sm,"(17.6, 72.7)",17.6,72.7
w0wxg,"(4.2, 99.3)",4.2,99.3
w0vrp,"(5.5, 97.7)",5.5,97.7
w2dgj,"(3.4, 105.4)",3.4,105.4
t9q9z,"(7.4, 77.0)",7.4,77.0
tdj5h,"(11.8, 74.7)",11.8,74.7
t9qsu,"(7.9, 76.8)",7.9,76.8
te0hw,"(17.7, 67.8)",17.7,67.8
tdcff,"(16.0, 70.1)",16.0,70.1
w0x6w,"(3.3, 100.5)",3.3,100.5
tbgx6,"(5.5, 83.8)",5.5,83.8
w22m8,"(2.4, 101.6)",2.4,101.6
t7mxz,"(19.7, 64.3)",19.7,64.3
tdj0z,"(11.4, 74.9)",11.4,74.9
tdgz2,"(16.8, 72.8)",16.8,72.8
tbbxw,"(5.6, 79.7)",5.6,79.7
tdhst,"(12.1, 74.1)",12.1,74.1
te7e5,"(18.8, 72.6)",18.8,72.6
tc05q,"(6.2, 79.0)",6.2,79.0
w24p2,"(1.3, 104.1)",1.3,104.1
tdm1q,"(12.9, 74.8)",12.9,74.8
w0x9d,"(3.1, 100.7)",3.1,100.7
t9qps,"(8.4, 76.1)",8.4,76.1
tbgxx,"(5.6, 84.0)",5.6,84.0
tchbz,"(5.8, 85.8)",5.8,85.8
t7tdy,"(20.2, 64.3)",20.2,64.3
w21wv,"(1.2, 103.6)",1.2,103.6
tcp1m,"(5.9, 88.8)",5.9,88.8
tc4br,"(5.7, 82.9)",5.7,82.9
w21rr,"(1.3, 103.3)",1.3,103.3
w21yu,"(1.2, 103.9)",1.2,103.9
w157v,"(6.3, 94.8)",6.3,94.8
w0x78,"(3.4, 100.2)",3.4,100.2
tcn2s,"(5.7, 87.7)",5.7,87.7
tbfqw,"(5.4, 82.2)",5.4,82.2
tbcwh,"(5.3, 81.1)",5.3,81.1
t9utj,"(10.7, 74.1)",10.7,74.1
tbcnm,"(5.3, 80.4)",5.3,80.4
w3h3q,"(5.9, 107.5)",5.9,107.5
tc08v,"(5.8, 79.7)",5.8,79.7
w1472,"(6.2, 93.2)",6.2,93.2
w2g2y,"(4.4, 106.1)",4.4,106.1
tcjbd,"(5.7, 86.9)",5.7,86.9
w1149,"(6.1, 91.5)",6.1,91.5
tdj09,"(11.4, 74.6)",11.4,74.6
te9qk,"(20.8, 69.5)",20.8,69.5
w1h4x,"(6.1, 96.0)",6.1,96.0
w3k9j,"(7.2, 107.8)",7.2,107.8
td716,"(12.9, 71.8)",12.9,71.8
w26xn,"(2.7, 105.1)",2.7,105.1
t7myq,"(19.4, 64.6)",19.4,64.6
t9pts,"(6.6, 78.2)",6.6,78.2
te5b0,"(16.9, 72.8)",16.9,72.8
t7qht,"(19.1, 64.9)",19.1,64.9
w2329,"(1.5, 103.1)",1.5,103.1
tc589,"(5.7, 83.7)",5.7,83.7
w2g92,"(4.5, 106.2)",4.5,106.2
tebys,"(22.3, 68.8)",22.3,68.8
w2ge1,"(4.8, 106.2)",4.8,106.2
tcp4h,"(6.0, 88.8)",6.0,88.8
w26db,"(1.9, 104.8)",1.9,104.8
t9qqu,"(8.2, 76.5)",8.2,76.5
tees1,"(20.4, 72.5)",20.4,72.5
tch8v,"(5.8, 85.3)",5.8,85.3
tdkr4,"(13.9, 73.6)",13.9,73.6
t7u9k,"(21.3, 62.8)",21.3,62.8
tdsjb,"(15.1, 73.1)",15.1,73.1
t9w1h,"(8.6, 76.1)",8.6,76.1
w2gv1,"(5.1, 106.6)",5.1,106.6
tdhbj,"(11.3, 74.4)",11.3,74.4
tcj82,"(5.7, 86.5)",5.7,86.5
t9vm9,"(10.8, 74.9)",10.8,74.9
td7uq,"(13.4, 73.1)",13.4,73.1
tde5b,"(14.7, 71.7)",14.7,71.7
tdeed,"(14.7, 72.5)",14.7,72.5
tdfzj,"(16.7, 71.6)",16.7,71.6
w11dy,"(6.1, 92.4)",6.1,92.4
w2g2m,"(4.3, 106.1)",4.3,106.1
tdcp6,"(16.8, 69.0)",16.8,69.0
w0xmu,"(3.8, 100.4)",3.8,100.4
w2guy,"(5.1, 106.8)",5.1,106.8
w2g2h,"(4.2, 106.0)",4.2,106.0
tcn9v,"(6.0, 88.1)",6.0,88.1
w10fz,"(6.1, 91.4)",6.1,91.4
w21x1,"(1.3, 103.4)",1.3,103.4
w231e,"(1.7, 102.8)",1.7,102.8
tcn9s,"(5.9, 88.1)",5.9,88.1
te7ep,"(18.8, 72.8)",18.8,72.8
tbcyt,"(5.4, 81.5)",5.4,81.5
tc58t,"(5.7, 83.9)",5.7,83.9
te7sc,"(19.1, 72.5)",19.1,72.5
tbfpw,"(5.6, 81.8)",5.6,81.8
w26e8,"(2.0, 104.8)",2.0,104.8
w230y,"(1.6, 102.9)",1.6,102.9
tdbe6,"(16.1, 68.3)",16.1,68.3
w22s5,"(2.1, 102.1)",2.1,102.1
w23bh,"(1.4, 103.9)",1.4,103.9
tcj3r,"(5.9, 86.5)",5.9,86.5
t9vpe,"(11.2, 74.7)",11.2,74.7
t7tct,"(20.0, 64.6)",20.0,64.6
w10ff,"(6.1, 91.2)",6.1,91.2
w26sf,"(2.3, 104.9)",2.3,104.9
tc0h2,"(6.4, 78.8)",6.4,78.8
td7uv,"(13.5, 73.0)",13.5,73.0
td7y1,"(13.7, 72.8)",13.7,72.8
w0x6x,"(3.3, 100.5)",3.3,100.5
w21zj,"(1.3, 104.0)",1.3,104.0
w262e,"(1.5, 104.6)",1.5,104.6
tdet4,"(15.0, 72.5)",15.0,72.5
tbfww,"(5.4, 82.6)",5.4,82.6
te9tu,"(20.7, 69.8)",20.7,69.8
t9txj,"(9.7, 75.5)",9.7,75.5
w0y91,"(4.4, 99.2)",4.4,99.2
w10d6,"(6.0, 90.8)",6.0,90.8
w0zqg,"(5.4, 100.3)",5.4,100.3
tbfrv,"(5.6, 82.2)",5.6,82.2
w2gzr,"(5.5, 106.9)",5.5,106.9
w2gzz,"(5.6, 106.9)",5.6,106.9
tcn34,"(5.8, 87.6)",5.8,87.6
tdcnv,"(16.7, 69.1)",16.7,69.1
t9qeg,"(7.7, 76.8)",7.7,76.8
tbgz2,"(5.5, 84.0)",5.5,84.0
t9t7z,"(9.1, 75.2)",9.1,75.2
w2un7,"(5.3, 107.0)",5.3,107.0
tdg5u,"(16.1, 71.9)",16.1,71.9
w155s,"(6.3, 94.4)",6.3,94.4
tcp1s,"(5.9, 88.8)",5.9,88.8
tdgfk,"(15.9, 73.0)",15.9,73.0
tcpcg,"(6.0, 89.8)",6.0,89.8
t9vj7,"(10.8, 74.7)",10.8,74.7
tcp41,"(6.0, 88.7)",6.0,88.7
w266r,"(1.8, 104.7)",1.8,104.7
w2g2v,"(4.4, 106.1)",4.4,106.1
t7pxs,"(18.2, 67.0)",18.2,67.0
w22kr,"(2.2, 101.9)",2.2,101.9
teee3,"(20.3, 72.5)",20.3,72.5
tcjcq,"(5.9, 87.1)",5.9,87.1
tde6h,"(14.4, 72.3)",14.4,72.3
w22dy,"(1.9, 102.2)",1.9,102.2
te7w0,"(19.4, 72.4)",19.4,72.4
t9vq3,"(11.0, 74.9)",11.0,74.9
w22mh,"(2.3, 101.8)",2.3,101.8
w0vty,"(5.3, 98.0)",5.3,98.0
w15g2,"(6.2, 95.3)",6.2,95.3
t9pwj,"(6.7, 78.3)",6.7,78.3
ts034,"(22.7, 68.0)",22.7,68.0
tch8x,"(5.7, 85.4)",5.7,85.4
ts123,"(22.6, 69.3)",22.6,69.3
tbczs,"(5.6, 81.4)",5.6,81.4
w1hc1,"(5.8, 96.7)",5.8,96.7
w2323,"(1.5, 103.1)",1.5,103.1
w3h5p,"(6.2, 107.2)",6.2,107.2
w1j0d,"(5.7, 97.1)",5.7,97.1
t9ppu,"(7.0, 77.5)",7.0,77.5
w2ent,"(4.0, 105.7)",4.0,105.7
t9qf3,"(7.4, 77.1)",7.4,77.1
t9px0,"(6.9, 78.1)",6.9,78.1
tbgzs,"(5.6, 84.2)",5.6,84.2
tcj83,"(5.7, 86.6)",5.7,86.6
te4j1,"(17.8, 70.4)",17.8,70.4
te9mv,"(20.7, 69.5)",20.7,69.5
w2dft,"(3.3, 105.4)",3.3,105.4
tbcrs,"(5.6, 80.7)",5.6,80.7
w14d6,"(6.0, 93.6)",6.0,93.6
tee2c,"(19.8, 72.1)",19.8,72.1
t9pqz,"(6.8, 78.0)",6.8,78.0
tbfpg,"(5.6, 81.7)",5.6,81.7
t9tgt,"(9.1, 75.8)",9.1,75.8
w231j,"(1.6, 102.9)",1.6,102.9
tbfru,"(5.6, 82.1)",5.6,82.1
w1h4v,"(6.1, 95.9)",6.1,95.9
te9v7,"(20.6, 70.1)",20.6,70.1
w147e,"(6.3, 93.3)",6.3,93.3
tbgz6,"(5.5, 84.1)",5.5,84.1
tdhew,"(11.9, 74.1)",11.9,74.1
t7szf,"(21.1, 63.0)",21.1,63.0
t9tbw,"(8.5, 75.9)",8.5,75.9
tbgrk,"(5.5, 83.5)",5.5,83.5
w104e,"(6.1, 90.2)",6.1,90.2
t9uw5,"(10.9, 74.0)",10.9,74.0
tcncz,"(6.0, 88.6)",6.0,88.6
w2ejg,"(3.8, 105.6)",3.8,105.6
t7w0g,"(19.8, 64.8)",19.8,64.8
w10dd,"(6.1, 90.8)",6.1,90.8
w22cv,"(1.7, 102.5)",1.7,102.5
w22p9,"(2.7, 101.3)",2.7,101.3
tcjcd,"(5.9, 86.9)",5.9,86.9
w11g0,"(6.2, 92.5)",6.2,92.5
t9v2t,"(10.0, 75.1)",10.0,75.1
tcjcp,"(5.8, 87.2)",5.8,87.2
w157u,"(6.3, 94.8)",6.3,94.8
t9q63,"(7.4, 76.4)",7.4,76.4
tcn8d,"(5.7, 88.0)",5.7,88.0
tc02v,"(5.8, 79.3)",5.8,79.3
tdhqz,"(12.5, 73.8)",12.5,73.8
tdemm,"(15.0, 72.3)",15.0,72.3
w3h78,"(6.3, 107.2)",6.3,107.2
w23bq,"(1.5, 104.0)",1.5,104.0
t7qu9,"(19.1, 65.8)",19.1,65.8
w2ggf,"(4.9, 106.6)",4.9,106.6
tcpff,"(6.1, 89.8)",6.1,89.8
ts109,"(22.6, 69.0)",22.6,69.0
w21w9,"(1.2, 103.4)",1.2,103.4
w21y2,"(1.1, 103.7)",1.1,103.7
w0rzt,"(2.7, 101.1)",2.7,101.1
w2er4,"(4.1, 105.9)",4.1,105.9
w281b,"(3.1, 101.3)",3.1,101.3
w2eh6,"(3.6, 105.6)",3.6,105.6
tchc5,"(5.8, 85.6)",5.8,85.6
te4s6,"(17.6, 71.1)",17.6,71.1
tbfx9,"(5.6, 82.3)",5.6,82.3
tdk1y,"(13.0, 73.4)",13.0,73.4
tbfwe,"(5.4, 82.4)",5.4,82.4
tc048,"(6.1, 78.8)",6.1,78.8
t9qfb,"(7.5, 77.0)",7.5,77.0
w26s1,"(2.1, 104.8)",2.1,104.8
t9qrd,"(8.4, 76.4)",8.4,76.4
w2g2t,"(4.3, 106.1)",4.3,106.1
w0vv3,"(5.2, 98.2)",5.2,98.2
tdhev,"(11.9, 74.1)",11.9,74.1
tees2,"(20.5, 72.4)",20.5,72.4
tbfpf,"(5.6, 81.7)",5.6,81.7
tcjb8,"(5.7, 86.9)",5.7,86.9
t9v0c,"(10.0, 74.6)",10.0,74.6
tdkn8,"(13.8, 73.1)",13.8,73.1
tbfxj,"(5.5, 82.5)",5.5,82.5
w22np,"(2.5, 101.6)",2.5,101.6
w0zpz,"(5.6, 100.2)",5.6,100.2
t9w18,"(8.7, 76.0)",8.7,76.0
w2gdv,"(4.7, 106.4)",4.7,106.4
w2gu1,"(4.9, 106.6)",4.9,106.6
w11gh,"(6.2, 92.7)",6.2,92.7
t9v6p,"(10.2, 75.2)",10.2,75.2
w1558,"(6.3, 94.2)",6.3,94.2
t9v6e,"(10.3, 75.0)",10.3,75.0
tcj37,"(5.9, 86.3)",5.9,86.3
tknc9,"(22.8, 65.8)",22.8,65.8
w21rv,"(1.4, 103.2)",1.4,103.2
t9txf,"(9.8, 75.3)",9.8,75.3
w1hd7,"(6.0, 96.5)",6.0,96.5
w11g4,"(6.2, 92.6)",6.2,92.6
tdf0r,"(15.5, 70.6)",15.5,70.6
t9tw6,"(9.6, 75.3)",9.6,75.3
w0vy6,"(5.3, 98.2)",5.3,98.2
tdjhh,"(12.0, 74.7)",12.0,74.7
tburg,"(5.6, 84.9)",5.6,84.9
t9vpf,"(11.2, 74.6)",11.2,74.6
w10c3,"(5.9, 91.1)",5.9,91.1
tc52k,"(5.7, 83.5)",5.7,83.5
w2gsx,"(5.0, 106.5)",5.0,106.5
tbupd,"(5.6, 84.5)",5.6,84.5
te7tb,"(19.3, 72.4)",19.3,72.4
w0x97,"(3.1, 100.7)",3.1,100.7
w22me,"(2.4, 101.8)",2.4,101.8
tc03e,"(5.9, 79.3)",5.9,79.3
w0vxe,"(5.6, 97.9)",5.6,97.9
tdfyv,"(16.7, 71.6)",16.7,71.6
w1h4w,"(6.1, 95.9)",6.1,95.9
w24p0,"(1.3, 104.1)",1.3,104.1
tc0c8,"(5.9, 79.8)",5.9,79.8
te5tj,"(17.8, 72.7)",17.8,72.7
tds5h,"(14.6, 73.3)",14.6,73.3
w0vuq,"(5.0, 98.4)",5.0,98.4
w11ek,"(6.2, 92.3)",6.2,92.3
w35br,"(5.7, 106.9)",5.7,106.9
t7tf5,"(20.1, 64.5)",20.1,64.5
w263w,"(1.7, 104.7)",1.7,104.7
t9q2w,"(7.1, 76.6)",7.1,76.6
tdhbu,"(11.4, 74.4)",11.4,74.4
tddw7,"(15.2, 71.2)",15.2,71.2
w116e,"(6.1, 91.9)",6.1,91.9
tbczd,"(5.6, 81.3)",5.6,81.3
w22en,"(2.0, 102.2)",2.0,102.2
w24p3,"(1.3, 104.1)",1.3,104.1
t9qfh,"(7.4, 77.2)",7.4,77.2
tbcqb,"(5.4, 80.5)",5.4,80.5
w2gd2,"(4.6, 106.2)",4.6,106.2
w1hbx,"(5.7, 97.0)",5.7,97.0
t9r11,"(7.2, 77.4)",7.2,77.4
w117n,"(6.2, 92.0)",6.2,92.0
w22es,"(2.0, 102.2)",2.0,102.2
tde86,"(14.1, 72.5)",14.1,72.5
w0vgz,"(4.9, 98.4)",4.9,98.4
w1h9g,"(6.0, 96.5)",6.0,96.5
w1hby,"(5.8, 97.0)",5.8,97.0
w263m,"(1.6, 104.7)",1.6,104.7
w2get,"(4.9, 106.4)",4.9,106.4
w1h64,"(6.0, 96.1)",6.0,96.1
tc50r,"(5.7, 83.3)",5.7,83.3
w10dw,"(6.1, 91.0)",6.1,91.0
tdk3f,"(13.0, 73.6)",13.0,73.6
te0bk,"(16.9, 68.8)",16.9,68.8
t9tcj,"(8.6, 75.8)",8.6,75.8
w11gm,"(6.2, 92.7)",6.2,92.7
w2ur2,"(5.5, 107.2)",5.5,107.2
w3hqx,"(6.8, 107.6)",6.8,107.6
ted5f,"(20.4, 70.4)",20.4,70.4
w15eu,"(6.3, 95.1)",6.3,95.1
tdg2h,"(15.5, 72.3)",15.5,72.3
tdf1h,"(15.7, 70.5)",15.7,70.5
w3hmt,"(6.6, 107.5)",6.6,107.5
w3hkh,"(6.4, 107.4)",6.4,107.4
w3h0f,"(5.8, 107.0)",5.8,107.0
w0y3s,"(4.5, 99.0)",4.5,99.0
t9pqn,"(6.7, 78.0)",6.7,78.0
tch2y,"(5.8, 85.0)",5.8,85.0
tcn0x,"(5.7, 87.5)",5.7,87.5
t9q5w,"(7.7, 76.2)",7.7,76.2
tdm0b,"(12.8, 74.6)",12.8,74.6
w0vrr,"(5.5, 97.7)",5.5,97.7
tc05g,"(6.3, 78.9)",6.3,78.9
tkjcz,"(22.8, 64.7)",22.8,64.7
tbcy5,"(5.3, 81.4)",5.3,81.4
t9vnj,"(10.9, 74.8)",10.9,74.8
w0wyh,"(3.9, 99.7)",3.9,99.7
w0y61,"(4.6, 98.9)",4.6,98.9
w21w7,"(1.1, 103.5)",1.1,103.5
tdguf,"(16.3, 72.9)",16.3,72.9
t9ptf,"(6.7, 78.2)",6.7,78.2
t9pez,"(6.3, 78.4)",6.3,78.4
w266p,"(1.8, 104.7)",1.8,104.7
w2330,"(1.6, 103.0)",1.6,103.0
w0xmp,"(3.7, 100.5)",3.7,100.5
t9v64,"(10.2, 75.0)",10.2,75.0
tdgbt,"(15.6, 73.0)",15.6,73.0
w10dy,"(6.1, 91.0)",6.1,91.0
teexg,"(21.1, 72.6)",21.1,72.6
w21wu,"(1.2, 103.6)",1.2,103.6
w0y4y,"(4.7, 98.7)",4.7,98.7
t7t5u,"(20.4, 63.5)",20.4,63.5
te7en,"(18.8, 72.7)",18.8,72.7
w1j23,"(5.7, 97.4)",5.7,97.4
tdbm6,"(16.4, 68.0)",16.4,68.0
tcn32,"(5.9, 87.6)",5.9,87.6
w2dgx,"(3.4, 105.4)",3.4,105.4
td7us,"(13.5, 73.0)",13.5,73.0
tderm,"(15.4, 72.3)",15.4,72.3
w1h9m,"(5.9, 96.6)",5.9,96.6
tc08f,"(5.8, 79.6)",5.8,79.6
w21yd,"(1.2, 103.8)",1.2,103.8
w15gd,"(6.3, 95.4)",6.3,95.4
tc096,"(5.9, 79.6)",5.9,79.6
te0j5,"(17.8, 67.7)",17.8,67.7
tcj05,"(5.6, 85.9)",5.6,85.9
w2geh,"(4.8, 106.4)",4.8,106.4
w3h62,"(6.0, 107.2)",6.0,107.2
t9tby,"(8.6, 75.9)",8.6,75.9
tdm1t,"(12.9, 74.8)",12.9,74.8
tch0d,"(5.7, 84.5)",5.7,84.5
w155e,"(6.3, 94.4)",6.3,94.4
te9vh,"(20.6, 70.2)",20.6,70.2
w1j08,"(5.7, 97.1)",5.7,97.1
tbcww,"(5.4, 81.1)",5.4,81.1
tbuzc,"(5.6, 85.5)",5.6,85.5
w1579,"(6.3, 94.6)",6.3,94.6
w3hxj,"(6.9, 107.8)",6.9,107.8
tdbm9,"(16.5, 67.9)",16.5,67.9
t9prj,"(6.9, 77.9)",6.9,77.9
w1h62,"(6.0, 96.0)",6.0,96.0
w1hcj,"(5.8, 96.9)",5.8,96.9
w0y82,"(4.3, 99.2)",4.3,99.2
w1j0j,"(5.6, 97.3)",5.6,97.3
tcncq,"(5.9, 88.5)",5.9,88.5
w22mb,"(2.4, 101.6)",2.4,101.6
tbfpr,"(5.5, 81.9)",5.5,81.9
te3g8,"(18.9, 70.0)",18.9,70.0
tbcr0,"(5.5, 80.5)",5.5,80.5
tcjcx,"(5.9, 87.2)",5.9,87.2
tdhcw,"(11.5, 74.5)",11.5,74.5
tcp13,"(5.9, 88.7)",5.9,88.7
w0xhm,"(3.6, 100.1)",3.6,100.1
tddrs,"(15.4, 70.9)",15.4,70.9
w0z0z,"(4.4, 100.2)",4.4,100.2
w1551,"(6.2, 94.3)",6.2,94.3
tbfwb,"(5.4, 82.3)",5.4,82.3
te9rk,"(21.0, 69.5)",21.0,69.5
tedfk,"(20.1, 71.6)",20.1,71.6
t7tkp,"(20.4, 64.0)",20.4,64.0
w14ex,"(6.3, 93.8)",6.3,93.8
w2e40,"(3.2, 105.5)",3.2,105.5
te3zf,"(19.7, 70.1)",19.7,70.1
w0y57,"(4.8, 98.6)",4.8,98.6
t9pw1,"(6.7, 78.1)",6.7,78.1
te7d4,"(18.7, 72.5)",18.7,72.5
tcpdr,"(6.0, 89.6)",6.0,89.6
tbczy,"(5.6, 81.5)",5.6,81.5
t9vq8,"(11.0, 74.9)",11.0,74.9
tee1p,"(19.9, 72.0)",19.9,72.0
w2e5b,"(3.5, 105.5)",3.5,105.5
tcpfn,"(6.0, 89.9)",6.0,89.9
tdeyy,"(15.3, 73.1)",15.3,73.1
t9qt5,"(7.9, 76.8)",7.9,76.8
te7e4,"(18.8, 72.5)",18.8,72.5
w1hbw,"(5.7, 97.0)",5.7,97.0
t9tth,"(9.3, 75.4)",9.3,75.4
w0xd1,"(3.2, 100.6)",3.2,100.6
td9f9,"(14.5, 70.0)",14.5,70.0
w22kw,"(2.2, 101.9)",2.2,101.9
tbfrm,"(5.5, 82.2)",5.5,82.2
t9txs,"(9.8, 75.4)",9.8,75.4
tds1y,"(14.4, 73.4)",14.4,73.4
ts10g,"(22.7, 69.1)",22.7,69.1
w0y3c,"(4.5, 98.9)",4.5,98.9
w262u,"(1.6, 104.6)",1.6,104.6
ted5r,"(20.3, 70.6)",20.3,70.6
tkjcu,"(22.8, 64.5)",22.8,64.5
tcjby,"(5.8, 87.1)",5.8,87.1
t9v6n,"(10.2, 75.2)",10.2,75.2
t7tm8,"(20.7, 63.7)",20.7,63.7
w2enp,"(3.9, 105.8)",3.9,105.8
tdj0b,"(11.4, 74.6)",11.4,74.6
tdcew,"(16.1, 69.9)",16.1,69.9
t9qes,"(7.7, 76.8)",7.7,76.8
w117p,"(6.2, 92.1)",6.2,92.1
w2guc,"(5.1, 106.6)",5.1,106.6
teex7,"(21.0, 72.6)",21.0,72.6
w3h1y,"(6.0, 107.2)",6.0,107.2
td9s6,"(14.8, 69.7)",14.8,69.7
ts12y,"(22.7, 69.5)",22.7,69.5
w263j,"(1.6, 104.7)",1.6,104.7
t9tf7,"(8.9, 75.7)",8.9,75.7
w2ung,"(5.4, 107.0)",5.4,107.0
tebym,"(22.2, 68.8)",22.2,68.8
w0wy7,"(3.9, 99.6)",3.9,99.6
w14em,"(6.2, 93.8)",6.2,93.8
tcpf2,"(6.0, 89.7)",6.0,89.7
tc08p,"(5.6, 79.8)",5.6,79.8
t9qr9,"(8.4, 76.4)",8.4,76.4
tc522,"(5.7, 83.3)",5.7,83.3
ts0c1,"(22.7, 68.6)",22.7,68.6
t9prf,"(7.0, 77.8)",7.0,77.8
tdesh,"(14.8, 72.6)",14.8,72.6
w0xq9,"(4.0, 100.3)",4.0,100.3
t9nxq,"(6.9, 76.9)",6.9,76.9
w0xj1,"(3.7, 99.9)",3.7,99.9
w22m5,"(2.3, 101.8)",2.3,101.8
w0vup,"(4.9, 98.4)",4.9,98.4
tbgp5,"(5.5, 83.1)",5.5,83.1
t9q7v,"(7.7, 76.5)",7.7,76.5
tbczj,"(5.5, 81.5)",5.5,81.5
t9myw,"(8.2, 75.9)",8.2,75.9
t9ttf,"(9.5, 75.3)",9.5,75.3
w22ku,"(2.3, 101.8)",2.3,101.8
w3h27,"(5.7, 107.4)",5.7,107.4
w0wye,"(4.0, 99.6)",4.0,99.6
teeec,"(20.4, 72.5)",20.4,72.5
te3vp,"(19.2, 70.3)",19.2,70.3
t7pn6,"(18.0, 66.2)",18.0,66.2
te9vj,"(20.6, 70.2)",20.6,70.2
ts18t,"(22.6, 69.9)",22.6,69.9
w0wz0,"(4.1, 99.5)",4.1,99.5
w15s5,"(6.4, 95.1)",6.4,95.1
tdh44,"(11.6, 73.2)",11.6,73.2
tbcxt,"(5.6, 81.1)",5.6,81.1
t9q3g,"(7.4, 76.4)",7.4,76.4
w21z5,"(1.3, 103.9)",1.3,103.9
w24rb,"(1.4, 104.4)",1.4,104.4
w14eq,"(6.2, 93.8)",6.2,93.8
t9pmz,"(6.7, 78.0)",6.7,78.0
t9pqy,"(6.8, 78.0)",6.8,78.0
tdhxw,"(12.6, 74.1)",12.6,74.1
tcn1w,"(5.9, 87.5)",5.9,87.5
tcnfj,"(6.0, 88.5)",6.0,88.5
t9qfc,"(7.5, 77.1)",7.5,77.1
te40z,"(17.0, 70.6)",17.0,70.6
w10fg,"(6.1, 91.2)",6.1,91.2
w0xd4,"(3.2, 100.7)",3.2,100.7
w14ek,"(6.2, 93.7)",6.2,93.7
tcpf5,"(6.0, 89.8)",6.0,89.8
tc085,"(5.6, 79.6)",5.6,79.6
te7t9,"(19.3, 72.5)",19.3,72.5
tkn3f,"(22.8, 65.1)",22.8,65.1
t7qw1,"(19.4, 65.5)",19.4,65.5
w21wg,"(1.2, 103.5)",1.2,103.5
tbgrb,"(5.6, 83.3)",5.6,83.3
tdduf,"(14.9, 71.5)",14.9,71.5
t9vjx,"(10.8, 74.9)",10.8,74.9
t9vp7,"(11.1, 74.7)",11.1,74.7
tdf19,"(15.8, 70.4)",15.8,70.4
t7w0e,"(19.8, 64.8)",19.8,64.8
tdkqh,"(13.7, 73.7)",13.7,73.7
tebzq,"(22.4, 68.8)",22.4,68.8
tc02z,"(5.8, 79.4)",5.8,79.4
w231k,"(1.6, 102.9)",1.6,102.9
tdgy9,"(16.6, 72.8)",16.6,72.8
tcp9n,"(5.8, 89.6)",5.8,89.6
teddx,"(20.1, 71.3)",20.1,71.3
w11e1,"(6.2, 92.2)",6.2,92.2
tchb0,"(5.6, 85.5)",5.6,85.5
w147q,"(6.2, 93.4)",6.2,93.4
t9vk6,"(10.6, 75.0)",10.6,75.0
tdgcj,"(15.7, 73.0)",15.7,73.0
w21zk,"(1.3, 103.9)",1.3,103.9
t9vjd,"(10.8, 74.6)",10.8,74.6
tcn9b,"(6.0, 87.9)",6.0,87.9
td5t7,"(12.2, 72.6)",12.2,72.6
tdduh,"(14.8, 71.6)",14.8,71.6
w15s0,"(6.4, 94.9)",6.4,94.9
t9qmd,"(8.0, 76.4)",8.0,76.4
w21x5,"(1.3, 103.5)",1.3,103.5
w21wn,"(1.1, 103.6)",1.1,103.6
t9ptp,"(6.5, 78.4)",6.5,78.4
tde4x,"(14.5, 72.0)",14.5,72.0
w0y5h,"(4.8, 98.6)",4.8,98.6
tcj36,"(5.9, 86.2)",5.9,86.2
tbcpp,"(5.5, 80.5)",5.5,80.5
w0wyd,"(4.0, 99.6)",4.0,99.6
w1476,"(6.2, 93.3)",6.2,93.3
tcj29,"(5.7, 86.2)",5.7,86.2
t9qq0,"(8.1, 76.3)",8.1,76.3
te99w,"(20.0, 69.9)",20.0,69.9
tcn18,"(5.9, 87.2)",5.9,87.2
w0xb8,"(2.9, 100.9)",2.9,100.9
tec46,"(21.5, 69.0)",21.5,69.0
t7q6v,"(18.8, 65.3)",18.8,65.3
tedfp,"(20.1, 71.7)",20.1,71.7
w22mc,"(2.4, 101.7)",2.4,101.7
w26wm,"(2.5, 105.0)",2.5,105.0
tdeeq,"(14.7, 72.7)",14.7,72.7
tc58e,"(5.7, 83.8)",5.7,83.8
tch2j,"(5.6, 85.0)",5.6,85.0
tch2v,"(5.8, 85.0)",5.8,85.0
tc4b0,"(5.6, 82.6)",5.6,82.6
t9qg5,"(7.6, 77.1)",7.6,77.1
tbfx1,"(5.5, 82.3)",5.5,82.3
tddyt,"(15.2, 71.6)",15.2,71.6
t9qcv,"(7.4, 77.2)",7.4,77.2
tc10h,"(5.6, 80.4)",5.6,80.4
t9v7h,"(10.4, 75.1)",10.4,75.1
tdm1w,"(12.9, 74.8)",12.9,74.8
tdg5j,"(16.0, 72.0)",16.0,72.0
w1060,"(6.0, 90.4)",6.0,90.4
tee99,"(20.0, 72.5)",20.0,72.5
tdhy1,"(12.3, 74.2)",12.3,74.2
w3h0e,"(5.7, 107.0)",5.7,107.0
tec1u,"(21.4, 69.1)",21.4,69.1
tcpd5,"(6.0, 89.5)",6.0,89.5
tcncr,"(5.9, 88.6)",5.9,88.6
tbfq7,"(5.3, 82.1)",5.3,82.1
te9tg,"(20.7, 69.8)",20.7,69.8
tc098,"(5.9, 79.5)",5.9,79.5
w11gr,"(6.2, 92.8)",6.2,92.8
tdhrw,"(12.6, 73.8)",12.6,73.8
w21z1,"(1.3, 103.8)",1.3,103.8
w22ec,"(2.1, 102.0)",2.1,102.0
w0vrb,"(5.6, 97.4)",5.6,97.4
tdgcm,"(15.7, 73.0)",15.7,73.0
tcp61,"(6.0, 89.0)",6.0,89.0
w2gyv,"(5.4, 106.8)",5.4,106.8
t7u6t,"(21.6, 62.5)",21.6,62.5
te5eq,"(17.5, 72.7)",17.5,72.7
tdhw2,"(12.4, 73.9)",12.4,73.9
w2g9g,"(4.5, 106.3)",4.5,106.3
w2621,"(1.4, 104.5)",1.4,104.5
w231s,"(1.7, 102.9)",1.7,102.9
td720,"(12.7, 72.1)",12.7,72.1
te3sy,"(19.1, 69.9)",19.1,69.9
tec0q,"(21.2, 69.2)",21.2,69.2
tbgr2,"(5.5, 83.3)",5.5,83.3
w0xb1,"(2.8, 101.0)",2.8,101.0
w0y3k,"(4.5, 99.0)",4.5,99.0
t9r0g,"(7.2, 77.5)",7.2,77.5
tbuxf,"(5.6, 85.2)",5.6,85.2
w2upn,"(5.5, 107.2)",5.5,107.2
w0vwd,"(5.4, 97.8)",5.4,97.8
w22nu,"(2.6, 101.4)",2.6,101.4
w2gv0,"(5.1, 106.5)",5.1,106.5
w0z0p,"(4.2, 100.2)",4.2,100.2
t9tsq,"(9.2, 75.5)",9.2,75.5
t9w05,"(8.5, 76.1)",8.5,76.1
tcj0m,"(5.7, 86.0)",5.7,86.0
w104k,"(6.0, 90.2)",6.0,90.2
w15eg,"(6.3, 95.1)",6.3,95.1
w26s7,"(2.2, 104.9)",2.2,104.9
w2324,"(1.4, 103.1)",1.4,103.1
w21yf,"(1.2, 103.8)",1.2,103.8
w22p5,"(2.7, 101.4)",2.7,101.4
w0x8y,"(3.0, 100.8)",3.0,100.8
w21wb,"(1.2, 103.4)",1.2,103.4
tee6d,"(20.1, 72.2)",20.1,72.2
t9pwc,"(6.8, 78.1)",6.8,78.1
w10e1,"(6.2, 90.8)",6.2,90.8
ts12e,"(22.6, 69.4)",22.6,69.4
tbfwd,"(5.4, 82.4)",5.4,82.4
tc5bs,"(5.7, 84.2)",5.7,84.2
tc48p,"(5.6, 82.6)",5.6,82.6
tcp3s,"(5.9, 89.1)",5.9,89.1
tcj0q,"(5.7, 86.1)",5.7,86.1
t9qqs,"(8.2, 76.5)",8.2,76.5
w2dgp,"(3.4, 105.4)",3.4,105.4
tchc4,"(5.8, 85.5)",5.8,85.5
w2gvd,"(5.2, 106.6)",5.2,106.6
tdm1e,"(12.9, 74.7)",12.9,74.7
tdbcj,"(15.7, 68.8)",15.7,68.8
tds5e,"(14.7, 73.3)",14.7,73.3
w11e2,"(6.2, 92.1)",6.2,92.1
t9pw2,"(6.7, 78.1)",6.7,78.1
ts12d,"(22.6, 69.4)",22.6,69.4
tde83,"(14.1, 72.5)",14.1,72.5
w22fj,"(1.8, 102.5)",1.8,102.5
tec1k,"(21.3, 69.1)",21.3,69.1
w3h0g,"(5.8, 107.0)",5.8,107.0
t7w12,"(19.9, 64.7)",19.9,64.7
te4sd,"(17.7, 71.1)",17.7,71.1
t9qep,"(7.6, 77.0)",7.6,77.0
tdj18,"(11.5, 74.6)",11.5,74.6
te4jb,"(17.9, 70.3)",17.9,70.3
t9vk1,"(10.6, 74.9)",10.6,74.9
tbury,"(5.6, 85.0)",5.6,85.0
tcj96,"(5.9, 86.6)",5.9,86.6
tde72,"(14.7, 72.1)",14.7,72.1
w104x,"(6.1, 90.3)",6.1,90.3
w15ex,"(6.3, 95.3)",6.3,95.3
te7ec,"(19.0, 72.5)",19.0,72.5
td7xm,"(14.0, 72.7)",14.0,72.7
tdecd,"(14.3, 72.9)",14.3,72.9
te64v,"(18.8, 70.6)",18.8,70.6
tbcpk,"(5.5, 80.4)",5.5,80.4
tedhe,"(20.5, 70.5)",20.5,70.5
t9w40,"(8.8, 76.0)",8.8,76.0
w10ds,"(6.1, 90.9)",6.1,90.9
t9qs1,"(7.8, 76.7)",7.8,76.7
w1452,"(6.2, 92.8)",6.2,92.8
w2ers,"(4.2, 106.0)",4.2,106.0
w143c,"(6.0, 93.2)",6.0,93.2
t9tgf,"(9.1, 75.7)",9.1,75.7
te5ev,"(17.6, 72.7)",17.6,72.7
w116v,"(6.1, 92.0)",6.1,92.0
t7u8x,"(21.2, 62.9)",21.2,62.9
tkp92,"(22.7, 66.8)",22.7,66.8
teet6,"(20.6, 72.5)",20.6,72.5
w0vwc,"(5.4, 97.8)",5.4,97.8
w2ejj,"(3.7, 105.7)",3.7,105.7
w23b5,"(1.4, 103.9)",1.4,103.9
tcj2g,"(5.8, 86.3)",5.8,86.3
tee38,"(20.0, 72.1)",20.0,72.1
tchbj,"(5.6, 85.7)",5.6,85.7
w21zx,"(1.3, 104.0)",1.3,104.0
te93z,"(20.0, 69.6)",20.0,69.6
w22dz,"(1.9, 102.3)",1.9,102.3
td7vf,"(13.7, 72.9)",13.7,72.9
te5tk,"(17.8, 72.6)",17.8,72.6
t7r86,"(18.3, 66.9)",18.3,66.9
w1hcb,"(6.0, 96.7)",6.0,96.7
w22dx,"(1.9, 102.3)",1.9,102.3
w0y5w,"(4.9, 98.7)",4.9,98.7
tee62,"(20.1, 72.1)",20.1,72.1
tdht5,"(12.2, 74.0)",12.2,74.0
tcnc6,"(5.9, 88.4)",5.9,88.4
tcn0s,"(5.7, 87.4)",5.7,87.4
te629,"(18.4, 70.7)",18.4,70.7
w3hke,"(6.4, 107.4)",6.4,107.4
w14eu,"(6.3, 93.7)",6.3,93.7
t7qrb,"(19.7, 65.1)",19.7,65.1
tch0z,"(5.8, 84.7)",5.8,84.7
w0wyc,"(4.0, 99.6)",4.0,99.6
w0x6t,"(3.3, 100.4)",3.3,100.4
w1478,"(6.3, 93.2)",6.3,93.2
tbcwe,"(5.4, 81.0)",5.4,81.0
w2gu8,"(5.0, 106.5)",5.0,106.5
td7yz,"(13.9, 73.1)",13.9,73.1
tbfpc,"(5.6, 81.6)",5.6,81.6
t7pk6,"(17.6, 66.6)",17.6,66.6
tcn1x,"(5.9, 87.5)",5.9,87.5
w0x7c,"(3.5, 100.3)",3.5,100.3
tcpdh,"(6.0, 89.5)",6.0,89.5
te4bd,"(17.0, 71.5)",17.0,71.5
w1j0t,"(5.7, 97.3)",5.7,97.3
w2upx,"(5.6, 107.2)",5.6,107.2
tc48h,"(5.6, 82.5)",5.6,82.5
te7t8,"(19.3, 72.4)",19.3,72.4
tc04q,"(6.0, 79.0)",6.0,79.0
t9pqx,"(6.8, 78.0)",6.8,78.0
w21zz,"(1.4, 104.0)",1.4,104.0
w0y8j,"(4.2, 99.4)",4.2,99.4
tbgpc,"(5.6, 83.0)",5.6,83.0
t9v3x,"(10.1, 75.2)",10.1,75.2
w1hce,"(5.9, 96.8)",5.9,96.8
w1j24,"(5.6, 97.5)",5.6,97.5
w101b,"(6.0, 90.0)",6.0,90.0
w1j0n,"(5.6, 97.3)",5.6,97.3
tec2b,"(21.2, 69.3)",21.2,69.3
w0yh0,"(4.9, 98.5)",4.9,98.5
w0zje,"(5.2, 100.0)",5.2,100.0
tcj0h,"(5.6, 86.0)",5.6,86.0
w24p7,"(1.3, 104.2)",1.3,104.2
w10dq,"(6.0, 91.0)",6.0,91.0
tcj0k,"(5.7, 86.0)",5.7,86.0
t7sxj,"(20.9, 62.8)",20.9,62.8
te0d5,"(17.2, 68.4)",17.2,68.4
t7r4p,"(18.7, 66.4)",18.7,66.4
t9pt6,"(6.6, 78.2)",6.6,78.2
w0z4w,"(4.7, 100.1)",4.7,100.1
w1hbg,"(5.8, 96.8)",5.8,96.8
ts0bp,"(22.5, 68.9)",22.5,68.9
ts18u,"(22.7, 69.8)",22.7,69.8
w2gd1,"(4.6, 106.2)",4.6,106.2
w145j,"(6.2, 93.1)",6.2,93.1
tdk3c,"(13.0, 73.5)",13.0,73.5
tbcxd,"(5.6, 81.0)",5.6,81.0
w0xg2,"(3.4, 100.9)",3.4,100.9
t9prk,"(6.9, 77.9)",6.9,77.9
te7w8,"(19.4, 72.4)",19.4,72.4
tch8n,"(5.6, 85.4)",5.6,85.4
w2g24,"(4.2, 105.9)",4.2,105.9
tcpf6,"(6.0, 89.8)",6.0,89.8
t9v77,"(10.4, 75.0)",10.4,75.0
w22nk,"(2.5, 101.4)",2.5,101.4
tbbz1,"(5.5, 79.9)",5.5,79.9
te3zd,"(19.6, 70.1)",19.6,70.1
w15g7,"(6.2, 95.4)",6.2,95.4
tbgxw,"(5.6, 84.0)",5.6,84.0
tcp65,"(6.0, 89.1)",6.0,89.1
t9tv9,"(9.4, 75.7)",9.4,75.7
tdhw1,"(12.3, 73.9)",12.3,73.9
w21xu,"(1.4, 103.6)",1.4,103.6
w0xb3,"(2.9, 101.0)",2.9,101.0
t9v7e,"(10.5, 75.0)",10.5,75.0
tc0d6,"(6.0, 79.6)",6.0,79.6
tdhfb,"(11.8, 74.2)",11.8,74.2
tbbxk,"(5.5, 79.7)",5.5,79.7
w3h69,"(6.1, 107.3)",6.1,107.3
tcn3x,"(5.9, 87.9)",5.9,87.9
w2un0,"(5.3, 106.9)",5.3,106.9
w11eh,"(6.2, 92.3)",6.2,92.3
tkncw,"(22.8, 66.0)",22.8,66.0
tkjdn,"(22.9, 64.3)",22.9,64.3
tedk0,"(20.4, 70.7)",20.4,70.7
w232d,"(1.5, 103.1)",1.5,103.1
w109k,"(5.9, 90.9)",5.9,90.9
t7u2x,"(21.2, 62.6)",21.2,62.6
t9qem,"(7.6, 76.9)",7.6,76.9
w22p3,"(2.7, 101.3)",2.7,101.3
tder3,"(15.4, 72.1)",15.4,72.1
ts09p,"(22.7, 68.5)",22.7,68.5
te7ej,"(18.8, 72.7)",18.8,72.7
w0vrf,"(5.6, 97.5)",5.6,97.5
tcpf3,"(6.0, 89.7)",6.0,89.7
tddtv,"(15.1, 71.3)",15.1,71.3
tbbyv,"(5.4, 80.0)",5.4,80.0
tde8b,"(14.2, 72.4)",14.2,72.4
t9pr9,"(7.0, 77.8)",7.0,77.8
w11df,"(6.1, 92.2)",6.1,92.2
w22f7,"(1.8, 102.5)",1.8,102.5
tde61,"(14.4, 72.1)",14.4,72.1
te78f,"(18.4, 72.5)",18.4,72.5
w2gey,"(4.9, 106.5)",4.9,106.5
t7r39,"(18.6, 66.5)",18.6,66.5
t9txm,"(9.7, 75.5)",9.7,75.5
tee80,"(19.7, 72.4)",19.7,72.4
t9qrb,"(8.4, 76.3)",8.4,76.3
t9r02,"(7.1, 77.4)",7.1,77.4
w2gyz,"(5.4, 106.9)",5.4,106.9
w0wvx,"(3.8, 99.8)",3.8,99.8
te9qv,"(20.9, 69.5)",20.9,69.5
tbupy,"(5.6, 84.7)",5.6,84.7
w0y2y,"(4.4, 99.1)",4.4,99.1
w146n,"(6.0, 93.4)",6.0,93.4
w3hdt,"(6.1, 107.8)",6.1,107.8
td9q5,"(15.1, 69.4)",15.1,69.4
w15gm,"(6.2, 95.5)",6.2,95.5
w21ru,"(1.4, 103.2)",1.4,103.2
tcn39,"(5.9, 87.6)",5.9,87.6
w0vv4,"(5.1, 98.2)",5.1,98.2
t9prt,"(7.0, 77.9)",7.0,77.9
tdfyy,"(16.7, 71.7)",16.7,71.7
w22ky,"(2.3, 101.9)",2.3,101.9
w106r,"(6.0, 90.7)",6.0,90.7
te9ut,"(20.5, 70.2)",20.5,70.2
tcp19,"(5.9, 88.7)",5.9,88.7
w15ey,"(6.3, 95.2)",6.3,95.2
tdgge,"(16.1, 72.9)",16.1,72.9
w26ed,"(2.0, 104.9)",2.0,104.9
tc506,"(5.7, 83.1)",5.7,83.1
ts18y,"(22.7, 69.9)",22.7,69.9
t9v7j,"(10.4, 75.1)",10.4,75.1
w0wxt,"(4.2, 99.4)",4.2,99.4
w22ne,"(2.6, 101.4)",2.6,101.4
tee6r,"(20.1, 72.4)",20.1,72.4
w0x8v,"(3.0, 100.8)",3.0,100.8
teee9,"(20.3, 72.5)",20.3,72.5
t9r0s,"(7.1, 77.5)",7.1,77.5
w231m,"(1.6, 102.9)",1.6,102.9
w11fv,"(6.1, 92.7)",6.1,92.7
tbgxr,"(5.5, 84.0)",5.5,84.0
t9tkp,"(9.2, 75.2)",9.2,75.2
w22ek,"(2.0, 102.2)",2.0,102.2
tddup,"(14.8, 71.7)",14.8,71.7
tkhdq,"(22.9, 62.9)",22.9,62.9
te7ef,"(19.0, 72.5)",19.0,72.5
w10fb,"(6.1, 91.1)",6.1,91.1
w11g5,"(6.2, 92.6)",6.2,92.6
tbgx3,"(5.5, 83.7)",5.5,83.7
tebvn,"(22.0, 68.8)",22.0,68.8
w3h5q,"(6.2, 107.2)",6.2,107.2
t9v7f,"(10.5, 75.0)",10.5,75.0
w2815,"(3.0, 101.4)",3.0,101.4
w2dgh,"(3.4, 105.3)",3.4,105.3
t9v7d,"(10.5, 75.0)",10.5,75.0
tde4v,"(14.6, 72.0)",14.6,72.0
ted7f,"(20.4, 70.8)",20.4,70.8
w116b,"(6.1, 91.8)",6.1,91.8
w1h5d,"(6.3, 95.7)",6.3,95.7
tdcs6,"(16.2, 69.7)",16.2,69.7
tdgj4,"(16.4, 71.8)",16.4,71.8
w26sg,"(2.3, 104.9)",2.3,104.9
w0vug,"(5.1, 98.2)",5.1,98.2
tbcw5,"(5.3, 81.0)",5.3,81.0
tc480,"(5.6, 82.3)",5.6,82.3
w10f6,"(6.0, 91.2)",6.0,91.2
w15sj,"(6.4, 95.2)",6.4,95.2
tdk3d,"(12.9, 73.6)",12.9,73.6
tdhfp,"(11.6, 74.5)",11.6,74.5
te4dw,"(17.3, 71.3)",17.3,71.3
ts122,"(22.6, 69.3)",22.6,69.3
w2db3,"(2.9, 105.2)",2.9,105.2
w1j0p,"(5.6, 97.4)",5.6,97.4
tdjp8,"(12.6, 74.6)",12.6,74.6
w3hem,"(6.2, 107.8)",6.2,107.8
w0y59,"(4.9, 98.5)",4.9,98.5
te9rc,"(21.1, 69.3)",21.1,69.3
w0zpt,"(5.6, 100.1)",5.6,100.1
w104t,"(6.1, 90.2)",6.1,90.2
te9dg,"(20.2, 69.8)",20.2,69.8
tcp0z,"(5.8, 88.9)",5.8,88.9
tcpfp,"(6.0, 90.0)",6.0,90.0
w21ry,"(1.4, 103.3)",1.4,103.3
tbgr4,"(5.5, 83.4)",5.5,83.4
w22p4,"(2.7, 101.4)",2.7,101.4
w22f5,"(1.8, 102.5)",1.8,102.5
tcp47,"(6.0, 88.7)",6.0,88.7
w115n,"(6.2, 91.7)",6.2,91.7
w2623,"(1.5, 104.5)",1.5,104.5
w0xr2,"(4.1, 100.2)",4.1,100.2
t9tq2,"(9.6, 74.9)",9.6,74.9
t9qjb,"(8.1, 76.0)",8.1,76.0
t9qp6,"(8.3, 76.0)",8.3,76.0
tdhc5,"(11.4, 74.3)",11.4,74.3
tcpdq,"(6.0, 89.6)",6.0,89.6
tdj0x,"(11.4, 74.9)",11.4,74.9
w22m6,"(2.4, 101.7)",2.4,101.7
t9ty0,"(9.5, 75.6)",9.5,75.6
w2802,"(2.9, 101.3)",2.9,101.3
tcp3x,"(5.9, 89.3)",5.9,89.3
t9v3h,"(10.0, 75.1)",10.0,75.1
tcp45,"(6.0, 88.7)",6.0,88.7
w0y86,"(4.3, 99.3)",4.3,99.3
t7szq,"(21.0, 63.2)",21.0,63.2
w15gk,"(6.2, 95.5)",6.2,95.5
w22ej,"(2.0, 102.2)",2.0,102.2
t9w16,"(8.7, 76.0)",8.7,76.0
w106j,"(6.0, 90.6)",6.0,90.6
tdk2k,"(12.7, 73.7)",12.7,73.7
w22p2,"(2.7, 101.3)",2.7,101.3
w22md,"(2.4, 101.7)",2.4,101.7
tbup9,"(5.6, 84.4)",5.6,84.4
w1043,"(6.0, 90.1)",6.0,90.1
tbcrk,"(5.5, 80.7)",5.5,80.7
w26tv,"(2.4, 105.0)",2.4,105.0
tdk2b,"(12.8, 73.5)",12.8,73.5
ts12x,"(22.6, 69.6)",22.6,69.6
t9nxc,"(7.0, 76.7)",7.0,76.7
w21xs,"(1.3, 103.6)",1.3,103.6
tch2z,"(5.8, 85.1)",5.8,85.1
tc50k,"(5.7, 83.2)",5.7,83.2
t9qe1,"(7.6, 76.7)",7.6,76.7
tcp93,"(5.9, 89.4)",5.9,89.4
w231n,"(1.6, 102.9)",1.6,102.9
tc05k,"(6.2, 78.9)",6.2,78.9
w14ge,"(6.3, 94.0)",6.3,94.0
t9qen,"(7.6, 76.9)",7.6,76.9
w106k,"(6.0, 90.5)",6.0,90.5
w1h4u,"(6.1, 95.8)",6.1,95.8
t9ucy,"(10.2, 74.5)",10.2,74.5
w2db8,"(2.9, 105.1)",2.9,105.1
w2ejy,"(3.8, 105.8)",3.8,105.8
ts0cj,"(22.7, 68.8)",22.7,68.8
tedhd,"(20.5, 70.4)",20.5,70.4
te65h,"(18.8, 70.5)",18.8,70.5
ts129,"(22.6, 69.3)",22.6,69.3
ts10t,"(22.6, 69.1)",22.6,69.1
tc05v,"(6.3, 79.0)",6.3,79.0
t9qkx,"(7.8, 76.6)",7.8,76.6
td6t2,"(13.6, 71.0)",13.6,71.0
w2dcf,"(3.1, 105.2)",3.1,105.2
tch2c,"(5.8, 84.8)",5.8,84.8
w0wxp,"(4.1, 99.5)",4.1,99.5
w263y,"(1.7, 104.7)",1.7,104.7
tcj8u,"(5.8, 86.7)",5.8,86.7
w0vuu,"(5.1, 98.3)",5.1,98.3
tc507,"(5.7, 83.1)",5.7,83.1
w1h6n,"(6.0, 96.3)",6.0,96.3
tddwc,"(15.3, 71.1)",15.3,71.1
w26wt,"(2.6, 105.0)",2.6,105.0
w2er6,"(4.1, 105.9)",4.1,105.9
w0x6q,"(3.2, 100.5)",3.2,100.5
w0x7j,"(3.4, 100.4)",3.4,100.4
t9qfg,"(7.5, 77.1)",7.5,77.1
t9qdg,"(7.5, 76.8)",7.5,76.8
w21z0,"(1.3, 103.7)",1.3,103.7
t9r0u,"(7.2, 77.5)",7.2,77.5
w2gst,"(5.0, 106.4)",5.0,106.4
w24p9,"(1.3, 104.1)",1.3,104.1
w0y85,"(4.2, 99.3)",4.2,99.3
w21yc,"(1.2, 103.8)",1.2,103.8
w2eh1,"(3.5, 105.5)",3.5,105.5
w1046,"(6.0, 90.1)",6.0,90.1
td9fh,"(14.4, 70.2)",14.4,70.2
tcj3j,"(5.8, 86.4)",5.8,86.4
w3h1u,"(6.0, 107.1)",6.0,107.1
w0rzx,"(2.7, 101.2)",2.7,101.2
w0y3m,"(4.5, 99.0)",4.5,99.0
te9s1,"(20.4, 69.7)",20.4,69.7
tcp3t,"(5.9, 89.2)",5.9,89.2
w2db2,"(2.9, 105.1)",2.9,105.1
t7pyj,"(18.0, 67.4)",18.0,67.4
tbcx8,"(5.6, 80.9)",5.6,80.9
tee91,"(19.9, 72.5)",19.9,72.5
w2ere,"(4.2, 106.0)",4.2,106.0
w1h6h,"(6.0, 96.2)",6.0,96.2
tdjn6,"(12.4, 74.6)",12.4,74.6
w2dfq,"(3.2, 105.4)",3.2,105.4
w0y3q,"(4.5, 99.1)",4.5,99.1
tc06w,"(6.1, 79.4)",6.1,79.4
tbcxm,"(5.5, 81.1)",5.5,81.1
tc0b2,"(5.7, 79.8)",5.7,79.8
w2g2w,"(4.3, 106.1)",4.3,106.1
t9qmf,"(8.1, 76.4)",8.1,76.4
w0vun,"(4.9, 98.4)",4.9,98.4
t9vkb,"(10.7, 74.9)",10.7,74.9
t9pt5,"(6.5, 78.2)",6.5,78.2
t9tu8,"(9.3, 75.6)",9.3,75.6
t7tem,"(20.3, 64.2)",20.3,64.2
w22fm,"(1.8, 102.5)",1.8,102.5
w0x8z,"(3.0, 100.9)",3.0,100.9
tcj0f,"(5.8, 85.9)",5.8,85.9
td6ss,"(13.5, 71.2)",13.5,71.2
te9r9,"(21.0, 69.3)",21.0,69.3
w2dbs,"(2.9, 105.3)",2.9,105.3
w2df7,"(3.2, 105.3)",3.2,105.3
w26e6,"(2.0, 104.9)",2.0,104.9
tcn9n,"(5.8, 88.2)",5.8,88.2
tdg2f,"(15.6, 72.2)",15.6,72.2
tbfrf,"(5.6, 82.0)",5.6,82.0
t9qt7,"(8.0, 76.8)",8.0,76.8
td7y2,"(13.8, 72.8)",13.8,72.8
t7u37,"(21.3, 62.4)",21.3,62.4
w1j26,"(5.7, 97.5)",5.7,97.5
w145k,"(6.2, 93.0)",6.2,93.0
w0z5t,"(4.9, 100.1)",4.9,100.1
ts18b,"(22.7, 69.6)",22.7,69.6
tbfxw,"(5.6, 82.6)",5.6,82.6
ts03p,"(22.7, 68.2)",22.7,68.2
w1j25,"(5.6, 97.5)",5.6,97.5
tdk8m,"(12.7, 74.1)",12.7,74.1
tdkjd,"(13.6, 73.2)",13.6,73.2
tbcpx,"(5.6, 80.5)",5.6,80.5
tech0,"(21.8, 68.9)",21.8,68.9
tchb4,"(5.6, 85.5)",5.6,85.5
w22m3,"(2.4, 101.7)",2.4,101.7
t9w17,"(8.7, 76.1)",8.7,76.1
tcpcc,"(6.0, 89.7)",6.0,89.7
w21wp,"(1.1, 103.7)",1.1,103.7
tc075,"(6.2, 79.3)",6.2,79.3
tcnc3,"(5.9, 88.3)",5.9,88.3
tdgcu,"(15.8, 73.0)",15.8,73.0
w0xhe,"(3.6, 100.0)",3.6,100.0
w0y4q,"(4.6, 98.7)",4.6,98.7
tcn9z,"(6.0, 88.2)",6.0,88.2
tee81,"(19.7, 72.5)",19.7,72.5
tbgp1,"(5.5, 83.0)",5.5,83.0
tkhf2,"(22.9, 63.0)",22.9,63.0
w1h65,"(6.0, 96.1)",6.0,96.1
w3ht8,"(6.6, 107.6)",6.6,107.6
t7u6j,"(21.5, 62.5)",21.5,62.5
tdjp9,"(12.6, 74.6)",12.6,74.6
tbcrh,"(5.5, 80.7)",5.5,80.7
w0x9g,"(3.1, 100.7)",3.1,100.7
te9k7,"(20.5, 69.4)",20.5,69.4
tbcy0,"(5.3, 81.2)",5.3,81.2
tcp4j,"(6.0, 88.8)",6.0,88.8
t9v3t,"(10.1, 75.1)",10.1,75.1
w10d4,"(6.0, 90.8)",6.0,90.8
w1h4g,"(6.1, 95.8)",6.1,95.8
w116y,"(6.1, 92.0)",6.1,92.0
w21rn,"(1.3, 103.3)",1.3,103.3
tbfn7,"(5.3, 81.7)",5.3,81.7
tde63,"(14.5, 72.1)",14.5,72.1
tec1p,"(21.3, 69.2)",21.3,69.2
tdj08,"(11.4, 74.6)",11.4,74.6
tee63,"(20.1, 72.1)",20.1,72.1
w22fe,"(1.9, 102.5)",1.9,102.5
ts128,"(22.6, 69.3)",22.6,69.3
w14gm,"(6.2, 94.1)",6.2,94.1
w22cy,"(1.7, 102.6)",1.7,102.6
t9v2q,"(9.9, 75.2)",9.9,75.2
w14e8,"(6.3, 93.5)",6.3,93.5
tkj61,"(22.9, 63.7)",22.9,63.7
w0z1w,"(4.5, 100.1)",4.5,100.1
t9w0q,"(8.5, 76.2)",8.5,76.2
w21zn,"(1.3, 104.0)",1.3,104.0
w280c,"(3.0, 101.3)",3.0,101.3
ted6t,"(20.1, 70.9)",20.1,70.9
w14gt,"(6.3, 94.1)",6.3,94.1
t9tx1,"(9.7, 75.3)",9.7,75.3
t9ptg,"(6.7, 78.2)",6.7,78.2
tcjcw,"(5.9, 87.1)",5.9,87.1
w1h9p,"(5.8, 96.7)",5.8,96.7
tdghh,"(16.2, 71.9)",16.2,71.9
t9qkk,"(7.8, 76.5)",7.8,76.5
tdhfr,"(11.7, 74.5)",11.7,74.5
tcp64,"(6.0, 89.1)",6.0,89.1
w145p,"(6.2, 93.1)",6.2,93.1
w21xk,"(1.3, 103.6)",1.3,103.6
w22mj,"(2.3, 101.8)",2.3,101.8
w113x,"(5.9, 92.1)",5.9,92.1
td5gs,"(11.9, 73.0)",11.9,73.0
t9r14,"(7.2, 77.5)",7.2,77.5
t9pud,"(6.4, 78.5)",6.4,78.5
tbcwc,"(5.4, 80.9)",5.4,80.9
tkjdh,"(22.9, 64.2)",22.9,64.2
tkpc3,"(22.7, 67.2)",22.7,67.2
tdf7w,"(16.1, 70.9)",16.1,70.9
t9w11,"(8.6, 76.0)",8.6,76.0
w0rzw,"(2.7, 101.2)",2.7,101.2
tdkd6,"(13.1, 73.9)",13.1,73.9
te5dw,"(17.3, 72.7)",17.3,72.7
t9tf5,"(8.8, 75.7)",8.8,75.7
tc052,"(6.2, 78.8)",6.2,78.8
tc5b4,"(5.6, 84.1)",5.6,84.1
t9prg,"(7.0, 77.8)",7.0,77.8
te9re,"(21.0, 69.4)",21.0,69.4
tcpf7,"(6.0, 89.8)",6.0,89.8
t9pqk,"(6.7, 77.9)",6.7,77.9
w24pw,"(1.3, 104.3)",1.3,104.3
tc5bd,"(5.7, 84.1)",5.7,84.1
t7qts,"(19.3, 65.6)",19.3,65.6
t9qhg,"(7.9, 76.1)",7.9,76.1
t9txd,"(9.8, 75.3)",9.8,75.3
t9vhs,"(10.7, 74.7)",10.7,74.7
w0x7r,"(3.4, 100.5)",3.4,100.5
w22cx,"(1.7, 102.6)",1.7,102.6
tbfn2,"(5.3, 81.6)",5.3,81.6
w22nt,"(2.6, 101.5)",2.6,101.5
tcn0y,"(5.8, 87.5)",5.8,87.5
tcj8s,"(5.7, 86.7)",5.7,86.7
tc02t,"(5.7, 79.3)",5.7,79.3
tddzd,"(15.4, 71.5)",15.4,71.5
t9tcg,"(8.8, 75.7)",8.8,75.7
w1h71,"(6.2, 96.0)",6.2,96.0
tdcnw,"(16.6, 69.2)",16.6,69.2
w2626,"(1.5, 104.5)",1.5,104.5
w2e50,"(3.4, 105.5)",3.4,105.5
t9qkg,"(7.9, 76.4)",7.9,76.4
w2gu2,"(5.0, 106.5)",5.0,106.5
w2g93,"(4.5, 106.2)",4.5,106.2
tdkmj,"(13.6, 73.7)",13.6,73.7
ted7r,"(20.3, 71.0)",20.3,71.0
t9qs3,"(7.8, 76.7)",7.8,76.7
w3hw8,"(6.8, 107.6)",6.8,107.6
t9tgv,"(9.1, 75.8)",9.1,75.8
w11dz,"(6.1, 92.4)",6.1,92.4
tcj27,"(5.7, 86.3)",5.7,86.3
tcn1s,"(5.9, 87.4)",5.9,87.4
w11e5,"(6.2, 92.3)",6.2,92.3
t9tcu,"(8.8, 75.8)",8.8,75.8
w104n,"(6.0, 90.3)",6.0,90.3
w0xmh,"(3.7, 100.4)",3.7,100.4
w0x7h,"(3.4, 100.4)",3.4,100.4
w116c,"(6.1, 91.8)",6.1,91.8
w145r,"(6.2, 93.1)",6.2,93.1
tebvv,"(22.1, 68.8)",22.1,68.8
w0rzq,"(2.7, 101.2)",2.7,101.2
t9pux,"(6.4, 78.7)",6.4,78.7
w21rq,"(1.3, 103.3)",1.3,103.3
tdkkr,"(13.4, 73.8)",13.4,73.8
w231c,"(1.7, 102.7)",1.7,102.7
w155y,"(6.3, 94.5)",6.3,94.5
t9v2r,"(9.9, 75.2)",9.9,75.2
tc02u,"(5.8, 79.3)",5.8,79.3
tc581,"(5.6, 83.7)",5.6,83.7
tdhfk,"(11.7, 74.4)",11.7,74.4
tbfr8,"(5.6, 81.9)",5.6,81.9
w2db0,"(2.8, 105.1)",2.8,105.1
t7tkv,"(20.5, 63.9)",20.5,63.9
w1132,"(5.9, 91.8)",5.9,91.8
tbfnm,"(5.3, 81.8)",5.3,81.8
tc5bw,"(5.7, 84.3)",5.7,84.3
tbcx1,"(5.5, 80.9)",5.5,80.9
tbup8,"(5.6, 84.4)",5.6,84.4
w3h7c,"(6.3, 107.3)",6.3,107.3
w0y4v,"(4.7, 98.7)",4.7,98.7
tc4bh,"(5.6, 82.8)",5.6,82.8
tbcpr,"(5.5, 80.5)",5.5,80.5
w114y,"(6.1, 91.7)",6.1,91.7
w1477,"(6.2, 93.3)",6.2,93.3
w1h9n,"(5.8, 96.6)",5.8,96.6
tdezw,"(15.4, 73.1)",15.4,73.1
t9txn,"(9.7, 75.5)",9.7,75.5
t7qr7,"(19.6, 65.2)",19.6,65.2
tc119,"(5.9, 80.2)",5.9,80.2
teetd,"(20.7, 72.5)",20.7,72.5
tbcnu,"(5.4, 80.4)",5.4,80.4
w2eqc,"(4.0, 105.9)",4.0,105.9
tcjc3,"(5.9, 86.9)",5.9,86.9
tbcng,"(5.4, 80.3)",5.4,80.3
w14g8,"(6.3, 93.9)",6.3,93.9
w2ehg,"(3.7, 105.6)",3.7,105.6
tchb1,"(5.6, 85.5)",5.6,85.5
te784,"(18.3, 72.5)",18.3,72.5
td70t,"(12.8, 72.0)",12.8,72.0
w26dc,"(1.9, 104.8)",1.9,104.8
te4t1,"(17.8, 71.1)",17.8,71.1
tbfzj,"(5.5, 82.9)",5.5,82.9
te9ed,"(20.3, 69.7)",20.3,69.7
w22mf,"(2.4, 101.7)",2.4,101.7
tburv,"(5.6, 85.0)",5.6,85.0
tbcp3,"(5.5, 80.2)",5.5,80.2
tcpcb,"(6.0, 89.7)",6.0,89.7
tdgvc,"(16.5, 72.8)",16.5,72.8
te7t1,"(19.2, 72.5)",19.2,72.5
w104b,"(6.1, 90.0)",6.1,90.0
t9prh,"(6.9, 77.9)",6.9,77.9
tkhfr,"(22.9, 63.3)",22.9,63.3
tbfqs,"(5.4, 82.1)",5.4,82.1
teedb,"(20.2, 72.4)",20.2,72.4
w26su,"(2.3, 105.0)",2.3,105.0
te4qv,"(18.1, 70.9)",18.1,70.9
w0zr8,"(5.6, 100.2)",5.6,100.2
t7r3h,"(18.5, 66.6)",18.5,66.6
w10dr,"(6.0, 91.0)",6.0,91.0
w141t,"(5.9, 93.1)",5.9,93.1
w21x0,"(1.3, 103.4)",1.3,103.4
w21x4,"(1.3, 103.5)",1.3,103.5
tcn0b,"(5.8, 87.2)",5.8,87.2
w0xhg,"(3.7, 100.0)",3.7,100.0
t9pkx,"(6.4, 78.0)",6.4,78.0
w26ty,"(2.4, 105.1)",2.4,105.1
t9qnx,"(8.2, 76.3)",8.2,76.3
w11gn,"(6.2, 92.7)",6.2,92.7
ts189,"(22.6, 69.7)",22.6,69.7
t7ub4,"(21.1, 63.0)",21.1,63.0
tdf0x,"(15.6, 70.6)",15.6,70.6
te796,"(18.5, 72.5)",18.5,72.5
w2gzy,"(5.6, 106.8)",5.6,106.8
tbfp4,"(5.5, 81.7)",5.5,81.7
tdf8y,"(15.6, 71.3)",15.6,71.3
w0wyk,"(3.9, 99.7)",3.9,99.7
tcj8e,"(5.7, 86.6)",5.7,86.6
w10de,"(6.1, 90.9)",6.1,90.9
tc06g,"(6.1, 79.3)",6.1,79.3
w157y,"(6.3, 94.9)",6.3,94.9
w0x6r,"(3.2, 100.5)",3.2,100.5
t7t8e,"(19.8, 64.1)",19.8,64.1
w14gs,"(6.3, 94.1)",6.3,94.1
w1h5r,"(6.2, 96.0)",6.2,96.0
tdhy2,"(12.4, 74.2)",12.4,74.2
tbcnj,"(5.3, 80.4)",5.3,80.4
w14g7,"(6.2, 94.0)",6.2,94.0
tbczg,"(5.6, 81.4)",5.6,81.4
w15k4,"(6.4, 94.7)",6.4,94.7
tdkqg,"(13.9, 73.6)",13.9,73.6
w21wh,"(1.1, 103.6)",1.1,103.6
tc58h,"(5.6, 83.9)",5.6,83.9
w21zh,"(1.3, 103.9)",1.3,103.9
w145x,"(6.3, 93.1)",6.3,93.1
w3h79,"(6.3, 107.3)",6.3,107.3
tbfwy,"(5.4, 82.6)",5.4,82.6
tcpce,"(5.9, 89.8)",5.9,89.8
tcj97,"(5.9, 86.6)",5.9,86.6
tdk2j,"(12.7, 73.7)",12.7,73.7
tbcyd,"(5.4, 81.3)",5.4,81.3
w2dgq,"(3.4, 105.4)",3.4,105.4
tbcp7,"(5.5, 80.3)",5.5,80.3
te5ts,"(17.9, 72.6)",17.9,72.6
tc582,"(5.7, 83.7)",5.7,83.7
w0wz1,"(4.1, 99.6)",4.1,99.6
t7nzn,"(18.1, 66.0)",18.1,66.0
tbgry,"(5.6, 83.6)",5.6,83.6
tec47,"(21.5, 69.1)",21.5,69.1
te9px,"(21.0, 69.2)",21.0,69.2
td7v9,"(13.6, 72.8)",13.6,72.8
tcp39,"(5.9, 89.0)",5.9,89.0
w0rzp,"(2.7, 101.2)",2.7,101.2
w22m4,"(2.3, 101.7)",2.3,101.7
w0y3n,"(4.4, 99.1)",4.4,99.1
w0vyb,"(5.4, 98.1)",5.4,98.1
te4sc,"(17.7, 71.1)",17.7,71.1
w3h00,"(5.6, 106.9)",5.6,106.9
te7xc,"(19.7, 72.5)",19.7,72.5
w22kx,"(2.2, 101.9)",2.2,101.9
te7s3,"(19.1, 72.5)",19.1,72.5
tcn19,"(5.9, 87.3)",5.9,87.3
w3h2u,"(5.8, 107.4)",5.8,107.4
tedf8,"(20.1, 71.4)",20.1,71.4
w106t,"(6.1, 90.6)",6.1,90.6
w1471,"(6.2, 93.2)",6.2,93.2
tee7j,"(20.2, 72.3)",20.2,72.3
w21wd,"(1.2, 103.5)",1.2,103.5
w0x9h,"(3.0, 100.7)",3.0,100.7
w10fr,"(6.0, 91.4)",6.0,91.4
w0y3b,"(4.5, 98.8)",4.5,98.8
w0wxn,"(4.1, 99.4)",4.1,99.4
tbfrw,"(5.6, 82.2)",5.6,82.2
te4rk,"(18.2, 70.9)",18.2,70.9
t9qmz,"(8.1, 76.6)",8.1,76.6
t7tks,"(20.5, 63.8)",20.5,63.8
w1h9q,"(5.9, 96.6)",5.9,96.6
tkj6n,"(22.9, 63.9)",22.9,63.9
tcp3n,"(5.8, 89.2)",5.8,89.2
tdk97,"(12.9, 74.0)",12.9,74.0
tdj06,"(11.3, 74.6)",11.3,74.6
w2dc4,"(3.0, 105.2)",3.0,105.2
te06z,"(17.4, 68.2)",17.4,68.2
tc4bq,"(5.7, 82.9)",5.7,82.9
w1h4r,"(6.0, 96.0)",6.0,96.0
t9tex,"(9.1, 75.6)",9.1,75.6
te5x5,"(18.1, 72.6)",18.1,72.6
w2dcd,"(3.1, 105.2)",3.1,105.2
te9r4,"(20.9, 69.4)",20.9,69.4
tdcms,"(16.5, 69.5)",16.5,69.5
tedhm,"(20.5, 70.6)",20.5,70.6
tecxs,"(22.4, 69.8)",22.4,69.8
t9twu,"(9.6, 75.4)",9.6,75.4
tee4n,"(20.1, 72.0)",20.1,72.0
w2gvc,"(5.3, 106.6)",5.3,106.6
w157d,"(6.3, 94.7)",6.3,94.7
te0db,"(17.4, 68.2)",17.4,68.2
tcjb9,"(5.7, 86.9)",5.7,86.9
w0xj2,"(3.8, 99.9)",3.8,99.9
w0y3f,"(4.5, 98.9)",4.5,98.9
w1h4s,"(6.1, 95.8)",6.1,95.8
tedf7,"(20.1, 71.5)",20.1,71.5
w26ww,"(2.6, 105.1)",2.6,105.1
w0vrq,"(5.5, 97.7)",5.5,97.7
te0c2,"(17.1, 68.6)",17.1,68.6
tds1p,"(14.3, 73.5)",14.3,73.5
w21yv,"(1.2, 104.0)",1.2,104.0
tbcmc,"(5.3, 80.6)",5.3,80.6
w11g7,"(6.2, 92.6)",6.2,92.6
t9v7g,"(10.5, 75.0)",10.5,75.0
t7qte,"(19.3, 65.5)",19.3,65.5
w1j21,"(5.6, 97.4)",5.6,97.4
tcj06,"(5.7, 85.9)",5.7,85.9
tbgr5,"(5.5, 83.5)",5.5,83.5
w11fc,"(6.1, 92.5)",6.1,92.5
tdkn1,"(13.7, 73.2)",13.7,73.2
w0vut,"(5.0, 98.3)",5.0,98.3
w2ejt,"(3.8, 105.7)",3.8,105.7
t9pv6,"(6.6, 78.5)",6.6,78.5
w1hd3,"(6.0, 96.4)",6.0,96.4
w231h,"(1.6, 102.9)",1.6,102.9
w10gp,"(6.2, 91.4)",6.2,91.4
t9qtd,"(8.0, 76.8)",8.0,76.8
tcn8z,"(5.8, 88.2)",5.8,88.2
w106n,"(6.0, 90.6)",6.0,90.6
tcn0g,"(5.8, 87.3)",5.8,87.3
t7tfb,"(20.2, 64.4)",20.2,64.4
w0y6j,"(4.6, 99.0)",4.6,99.0
w0y37,"(4.5, 98.9)",4.5,98.9
t9qgb,"(7.7, 77.0)",7.7,77.0
w0xhr,"(3.6, 100.2)",3.6,100.2
w147m,"(6.2, 93.4)",6.2,93.4
w1j09,"(5.7, 97.1)",5.7,97.1
t9pu7,"(6.4, 78.6)",6.4,78.6
tbfwc,"(5.4, 82.3)",5.4,82.3
td7ww,"(13.8, 72.7)",13.8,72.7
t9qtb,"(8.1, 76.7)",8.1,76.7
w23bn,"(1.4, 104.0)",1.4,104.0
te3xe,"(19.6, 69.8)",19.6,69.8
w21z3,"(1.3, 103.8)",1.3,103.8
tcn30,"(5.8, 87.6)",5.8,87.6
tch88,"(5.7, 85.1)",5.7,85.1
tcn9f,"(6.0, 88.0)",6.0,88.0
t9ppy,"(7.0, 77.6)",7.0,77.6
t9v85,"(9.9, 75.4)",9.9,75.4
tdhgm,"(11.8, 74.4)",11.8,74.4
td9mn,"(15.0, 69.5)",15.0,69.5
w14gw,"(6.3, 94.2)",6.3,94.2
te9s2,"(20.5, 69.6)",20.5,69.6
tdhfu,"(11.8, 74.4)",11.8,74.4
tcn96,"(5.9, 88.0)",5.9,88.0
t7t3r,"(19.9, 64.0)",19.9,64.0
w21wz,"(1.2, 103.7)",1.2,103.7
te78d,"(18.4, 72.5)",18.4,72.5
tcj11,"(5.8, 85.8)",5.8,85.8
w0vx0,"(5.5, 97.8)",5.5,97.8
t9v6g,"(10.3, 75.0)",10.3,75.0
tbfwv,"(5.4, 82.5)",5.4,82.5
te65e,"(18.9, 70.5)",18.9,70.5
ts035,"(22.7, 68.0)",22.7,68.0
w0vqz,"(5.4, 97.7)",5.4,97.7
tdkkw,"(13.5, 73.8)",13.5,73.8
tbgnf,"(5.4, 83.1)",5.4,83.1
w2db7,"(2.9, 105.3)",2.9,105.3
t9tst,"(9.3, 75.5)",9.3,75.5
tc5be,"(5.7, 84.2)",5.7,84.2
tdfqf,"(16.7, 70.8)",16.7,70.8
w103m,"(5.9, 90.6)",5.9,90.6
w2uj8,"(5.2, 106.9)",5.2,106.9
t9ttx,"(9.4, 75.6)",9.4,75.6
tcnck,"(5.9, 88.4)",5.9,88.4
tcj32,"(5.9, 86.2)",5.9,86.2
w24pk,"(1.3, 104.3)",1.3,104.3
t9vm0,"(10.7, 74.9)",10.7,74.9
w26e2,"(2.0, 104.8)",2.0,104.8
w0vvm,"(5.2, 98.3)",5.2,98.3
t9qm9,"(8.0, 76.4)",8.0,76.4
w3h3n,"(5.8, 107.5)",5.8,107.5
tbbzr,"(5.5, 80.1)",5.5,80.1
w24p6,"(1.3, 104.2)",1.3,104.2
w3h9d,"(5.9, 107.7)",5.9,107.7
t9pw9,"(6.8, 78.1)",6.8,78.1
tec59,"(21.7, 69.0)",21.7,69.0
ted7x,"(20.3, 71.0)",20.3,71.0
w145m,"(6.2, 93.1)",6.2,93.1
w231b,"(1.7, 102.7)",1.7,102.7
t9w42,"(8.9, 76.0)",8.9,76.0
w0x9c,"(3.1, 100.6)",3.1,100.6
w116t,"(6.1, 92.0)",6.1,92.0
w22kq,"(2.2, 101.9)",2.2,101.9
w157z,"(6.3, 94.9)",6.3,94.9
w14g2,"(6.2, 93.9)",6.2,93.9
ts193,"(22.7, 69.7)",22.7,69.7
w2up8,"(5.6, 106.9)",5.6,106.9
tdk6b,"(13.2, 73.5)",13.2,73.5
t7q97,"(18.5, 65.5)",18.5,65.5
tbcqf,"(5.4, 80.6)",5.4,80.6
te3wg,"(19.5, 69.8)",19.5,69.8
tkp1s,"(22.8, 66.3)",22.8,66.3
tc06c,"(6.1, 79.2)",6.1,79.2
teg8j,"(21.1, 72.7)",21.1,72.7
w0x6v,"(3.3, 100.4)",3.3,100.4
tch08,"(5.7, 84.4)",5.7,84.4
tdhv6,"(12.2, 74.3)",12.2,74.3
w2322,"(1.5, 103.0)",1.5,103.0
w0y88,"(4.3, 99.2)",4.3,99.2
ts10v,"(22.7, 69.1)",22.7,69.1
w1h9e,"(5.9, 96.5)",5.9,96.5
w22eg,"(2.1, 102.1)",2.1,102.1
tdkj4,"(13.6, 73.2)",13.6,73.2
w0vpz,"(5.6, 97.4)",5.6,97.4
tc5bp,"(5.6, 84.4)",5.6,84.4
w22s4,"(2.1, 102.1)",2.1,102.1
tbbzm,"(5.5, 80.0)",5.5,80.0
tde3p,"(14.3, 72.4)",14.3,72.4
tbczk,"(5.5, 81.4)",5.5,81.4
w0vwj,"(5.3, 98.0)",5.3,98.0
w22f8,"(1.9, 102.3)",1.9,102.3
w2ejq,"(3.8, 105.8)",3.8,105.8
tdhfq,"(11.7, 74.5)",11.7,74.5
teex5,"(20.9, 72.6)",20.9,72.6
tbcqy,"(5.4, 80.8)",5.4,80.8
t9vm4,"(10.7, 75.0)",10.7,75.0
w15gp,"(6.2, 95.6)",6.2,95.6
tc083,"(5.7, 79.5)",5.7,79.5
tcj15,"(5.8, 85.9)",5.8,85.9
te59z,"(17.2, 72.8)",17.2,72.8
tcncu,"(6.0, 88.4)",6.0,88.4
w2dfu,"(3.3, 105.3)",3.3,105.3
w0xfg,"(3.3, 101.1)",3.3,101.1
tc06e,"(6.1, 79.3)",6.1,79.3
tcn93,"(5.9, 88.0)",5.9,88.0
tcp40,"(6.0, 88.6)",6.0,88.6
tbcmu,"(5.3, 80.7)",5.3,80.7
w24pz,"(1.4, 104.4)",1.4,104.4
t9puk,"(6.4, 78.6)",6.4,78.6
tdhfe,"(11.7, 74.3)",11.7,74.3
w155u,"(6.3, 94.4)",6.3,94.4
w22mk,"(2.4, 101.8)",2.4,101.8
te6h1,"(19.0, 70.4)",19.0,70.4
tbfp3,"(5.5, 81.6)",5.5,81.6
w2ejh,"(3.7, 105.7)",3.7,105.7
w2eq2,"(3.9, 105.8)",3.9,105.8
w3h7b,"(6.3, 107.2)",6.3,107.2
w2800,"(2.8, 101.3)",2.8,101.3
w0rzs,"(2.7, 101.1)",2.7,101.1
w2epp,"(4.1, 105.8)",4.1,105.8
tbfz8,"(5.6, 82.6)",5.6,82.6
tee2w,"(19.8, 72.4)",19.8,72.4
w263v,"(1.7, 104.7)",1.7,104.7
w15g8,"(6.3, 95.3)",6.3,95.3
w1j20,"(5.6, 97.4)",5.6,97.4
tdj1v,"(11.6, 74.8)",11.6,74.8
t9uzy,"(11.2, 74.5)",11.2,74.5
w22fd,"(1.9, 102.4)",1.9,102.4
w0vur,"(5.0, 98.4)",5.0,98.4
te61z,"(18.6, 70.6)",18.6,70.6
tbuxb,"(5.6, 85.1)",5.6,85.1
t7myg,"(19.5, 64.5)",19.5,64.5
tdgj3,"(16.4, 71.8)",16.4,71.8
w22p6,"(2.7, 101.4)",2.7,101.4
tch09,"(5.7, 84.4)",5.7,84.4
tec0y,"(21.2, 69.2)",21.2,69.2
t9qu0,"(7.8, 77.0)",7.8,77.0
teew6,"(20.8, 72.5)",20.8,72.5
t9qfp,"(7.4, 77.3)",7.4,77.3
tbcpw,"(5.6, 80.4)",5.6,80.4
w0wvv,"(3.8, 99.7)",3.8,99.7
tc04g,"(6.1, 78.9)",6.1,78.9
tch8c,"(5.8, 85.1)",5.8,85.1
w147r,"(6.2, 93.5)",6.2,93.5
tc049,"(6.1, 78.8)",6.1,78.8
w2g25,"(4.2, 106.0)",4.2,106.0
te0bn,"(16.9, 68.8)",16.9,68.8
tbcr9,"(5.6, 80.6)",5.6,80.6
tbcy4,"(5.3, 81.3)",5.3,81.3
w1h66,"(6.0, 96.1)",6.0,96.1
w3hwe,"(6.8, 107.7)",6.8,107.7
tbbzu,"(5.6, 80.0)",5.6,80.0
tdk1x,"(12.9, 73.5)",12.9,73.5
te07n,"(17.4, 68.1)",17.4,68.1
te9ty,"(20.7, 69.9)",20.7,69.9
w3h03,"(5.7, 106.9)",5.7,106.9
tbczz,"(5.6, 81.5)",5.6,81.5
tedc6,"(19.9, 71.5)",19.9,71.5
tdk5q,"(13.2, 73.4)",13.2,73.4
te6h3,"(19.1, 70.4)",19.1,70.4
w157c,"(6.3, 94.6)",6.3,94.6
tchcp,"(5.8, 85.8)",5.8,85.8
te9mx,"(20.7, 69.6)",20.7,69.6
t7p7w,"(17.5, 66.7)",17.5,66.7
w22eh,"(2.0, 102.2)",2.0,102.2
tbcy8,"(5.4, 81.2)",5.4,81.2
t7pbn,"(16.9, 67.4)",16.9,67.4
w155m,"(6.2, 94.5)",6.2,94.5
t9pgm,"(6.2, 78.6)",6.2,78.6
tebyq,"(22.2, 68.8)",22.2,68.8
w0yh7,"(5.0, 98.6)",5.0,98.6
t9nyq,"(6.7, 77.3)",6.7,77.3
tc58s,"(5.7, 83.9)",5.7,83.9
w2er1,"(4.1, 105.9)",4.1,105.9
w24pq,"(1.3, 104.3)",1.3,104.3
w2dck,"(3.1, 105.3)",3.1,105.3
t9vk9,"(10.7, 74.9)",10.7,74.9
tdjj5,"(12.2, 74.7)",12.2,74.7
tds22,"(14.1, 73.5)",14.1,73.5
t9qpm,"(8.3, 76.2)",8.3,76.2
tee7x,"(20.3, 72.4)",20.3,72.4
tdk68,"(13.1, 73.5)",13.1,73.5
t9qnr,"(8.2, 76.3)",8.2,76.3
t7pyc,"(18.1, 67.2)",18.1,67.2
tcp6j,"(6.0, 89.2)",6.0,89.2
w262s,"(1.5, 104.6)",1.5,104.6
w3h76,"(6.2, 107.3)",6.2,107.3
t9txe,"(9.8, 75.4)",9.8,75.4
w3hwu,"(6.8, 107.8)",6.8,107.8
tdhcd,"(11.5, 74.3)",11.5,74.3
w2ehf,"(3.7, 105.6)",3.7,105.6
w2gdg,"(4.7, 106.3)",4.7,106.3
t9pwb,"(6.8, 78.1)",6.8,78.1
t7tkr,"(20.5, 64.0)",20.5,64.0
tcn9k,"(5.9, 88.1)",5.9,88.1
tcjbw,"(5.7, 87.1)",5.7,87.1
w21y9,"(1.2, 103.8)",1.2,103.8
tbgpj,"(5.5, 83.2)",5.5,83.2
w0vru,"(5.6, 97.6)",5.6,97.6
te9qr,"(20.8, 69.6)",20.8,69.6
w0x5z,"(3.5, 100.2)",3.5,100.2
tcj02,"(5.7, 85.8)",5.7,85.8
w2er7,"(4.1, 106.0)",4.1,106.0
w1455,"(6.2, 93.0)",6.2,93.0
w2gvm,"(5.2, 106.8)",5.2,106.8
t9qdp,"(7.4, 77.0)",7.4,77.0
te3vw,"(19.3, 70.2)",19.3,70.2
tc0ch,"(5.8, 80.0)",5.8,80.0
tcp66,"(6.0, 89.1)",6.0,89.1
t9uzw,"(11.2, 74.5)",11.2,74.5
w2un4,"(5.3, 107.0)",5.3,107.0
w0vrz,"(5.6, 97.7)",5.6,97.7
w0xd2,"(3.2, 100.6)",3.2,100.6
tcpcd,"(5.9, 89.8)",5.9,89.8
tc526,"(5.7, 83.4)",5.7,83.4
tdhfg,"(11.8, 74.3)",11.8,74.3
tbcz0,"(5.5, 81.2)",5.5,81.2
w114t,"(6.1, 91.6)",6.1,91.6
w1h63,"(6.0, 96.0)",6.0,96.0
t9nyt,"(6.8, 77.2)",6.8,77.2
t9v2x,"(10.0, 75.2)",10.0,75.2
w155c,"(6.3, 94.3)",6.3,94.3
tee2e,"(19.8, 72.2)",19.8,72.2
t9vjr,"(10.8, 74.9)",10.8,74.9
te7wb,"(19.5, 72.4)",19.5,72.4
t9tg1,"(9.0, 75.7)",9.0,75.7
w1h3y,"(6.0, 96.3)",6.0,96.3
tdebs,"(14.2, 73.0)",14.2,73.0
tech2,"(21.9, 68.9)",21.9,68.9
w22e7,"(2.0, 102.1)",2.0,102.1
w0wyb,"(4.0, 99.5)",4.0,99.5
t9pgv,"(6.3, 78.6)",6.3,78.6
tbcx3,"(5.5, 80.9)",5.5,80.9
w22fc,"(1.9, 102.4)",1.9,102.4
w22fh,"(1.8, 102.5)",1.8,102.5
w2dc1,"(3.0, 105.2)",3.0,105.2
w21z2,"(1.3, 103.7)",1.3,103.7
tcj2k,"(5.7, 86.3)",5.7,86.3
w22nq,"(2.5, 101.5)",2.5,101.5
tbgxy,"(5.6, 84.0)",5.6,84.0
tdedn,"(14.4, 72.7)",14.4,72.7
te3yj,"(19.4, 70.2)",19.4,70.2
t9tv3,"(9.4, 75.7)",9.4,75.7
tbcrt,"(5.6, 80.7)",5.6,80.7
te97j,"(20.2, 69.5)",20.2,69.5
w0y84,"(4.2, 99.3)",4.2,99.3
te4qp,"(18.0, 71.0)",18.0,71.0
t9tfv,"(8.9, 75.8)",8.9,75.8
w2gek,"(4.8, 106.4)",4.8,106.4
w22kv,"(2.3, 101.8)",2.3,101.8
t9qez,"(7.7, 77.0)",7.7,77.0
tdeyx,"(15.2, 73.1)",15.2,73.1
w2eru,"(4.2, 106.0)",4.2,106.0
w1h97,"(5.9, 96.5)",5.9,96.5
w106b,"(6.1, 90.4)",6.1,90.4
w114c,"(6.1, 91.5)",6.1,91.5
tdm10,"(12.9, 74.6)",12.9,74.6
t9qs2,"(7.8, 76.7)",7.8,76.7
tdm1k,"(12.9, 74.7)",12.9,74.7
tec5c,"(21.8, 69.0)",21.8,69.0
te5b2,"(16.9, 72.8)",16.9,72.8
tcp9z,"(6.0, 89.6)",6.0,89.6
w1j03,"(5.7, 97.1)",5.7,97.1
tdkrc,"(14.0, 73.5)",14.0,73.5
tdfkm,"(16.2, 70.9)",16.2,70.9
w10cq,"(5.9, 91.3)",5.9,91.3
w2eq9,"(4.0, 105.9)",4.0,105.9
w21rp,"(1.3, 103.3)",1.3,103.3
t9v8e,"(10.0, 75.4)",10.0,75.4
t9prd,"(7.0, 77.8)",7.0,77.8
w147t,"(6.3, 93.4)",6.3,93.4
tcn0c,"(5.8, 87.3)",5.8,87.3
tdg34,"(15.7, 72.2)",15.7,72.2
te7sb,"(19.1, 72.4)",19.1,72.4
t9twd,"(9.6, 75.3)",9.6,75.3
w22eq,"(2.0, 102.2)",2.0,102.2
tec4f,"(21.6, 69.0)",21.6,69.0
w22fp,"(1.8, 102.6)",1.8,102.6
tdhf1,"(11.6, 74.2)",11.6,74.2
w0y60,"(4.6, 98.8)",4.6,98.8
w0vrt,"(5.6, 97.6)",5.6,97.6
w1hbu,"(5.8, 96.9)",5.8,96.9
w266x,"(1.9, 104.7)",1.9,104.7
td9pk,"(15.4, 69.1)",15.4,69.1
tds0z,"(14.2, 73.5)",14.2,73.5
t7u9b,"(21.4, 62.6)",21.4,62.6
t9ps6,"(6.4, 78.2)",6.4,78.2
w22nn,"(2.5, 101.5)",2.5,101.5
t9w1d,"(8.7, 76.0)",8.7,76.0
tc52m,"(5.7, 83.6)",5.7,83.6
tkn1y,"(22.8, 65.0)",22.8,65.0
w1578,"(6.3, 94.6)",6.3,94.6
w0xhk,"(3.6, 100.0)",3.6,100.0
w0x79,"(3.4, 100.3)",3.4,100.3
tbcr6,"(5.5, 80.6)",5.5,80.6
tdbc7,"(15.7, 68.7)",15.7,68.7
w0y2z,"(4.4, 99.1)",4.4,99.1
tcpd4,"(6.0, 89.4)",6.0,89.4
w2gvg,"(5.3, 106.7)",5.3,106.7
w22s2,"(2.2, 102.0)",2.2,102.0
w1h67,"(6.0, 96.1)",6.0,96.1
w2gdt,"(4.7, 106.4)",4.7,106.4
t9tf6,"(8.9, 75.7)",8.9,75.7
t7t70,"(20.2, 63.7)",20.2,63.7
tch8j,"(5.6, 85.3)",5.6,85.3
tbcxh,"(5.5, 81.1)",5.5,81.1
tcn35,"(5.8, 87.7)",5.8,87.7
tdk30,"(12.9, 73.5)",12.9,73.5
w2dgw,"(3.4, 105.4)",3.4,105.4
w1171,"(6.2, 91.8)",6.2,91.8
w104h,"(6.0, 90.2)",6.0,90.2
w21rg,"(1.4, 103.2)",1.4,103.2
w15ef,"(6.3, 95.0)",6.3,95.0
w22ep,"(2.0, 102.3)",2.0,102.3
w145h,"(6.2, 93.0)",6.2,93.0
w21wy,"(1.2, 103.6)",1.2,103.6
td9cr,"(14.3, 70.3)",14.3,70.3
w22nc,"(2.6, 101.3)",2.6,101.3
w26xx,"(2.7, 105.1)",2.7,105.1
w0vwe,"(5.4, 97.9)",5.4,97.9
t9r19,"(7.3, 77.4)",7.3,77.4
w0x9m,"(3.1, 100.8)",3.1,100.8
w106d,"(6.1, 90.5)",6.1,90.5
tdkq7,"(13.8, 73.6)",13.8,73.6
tdhue,"(12.1, 74.3)",12.1,74.3
w22s1,"(2.1, 102.0)",2.1,102.0
w15gn,"(6.2, 95.6)",6.2,95.6
tcjbb,"(5.8, 86.9)",5.8,86.9
te7ed,"(18.9, 72.5)",18.9,72.5
tdsh6,"(14.8, 73.2)",14.8,73.2
t9pv5,"(6.5, 78.6)",6.5,78.6
tc03d,"(5.9, 79.2)",5.9,79.2
w0zhj,"(4.9, 100.1)",4.9,100.1
w157t,"(6.3, 94.8)",6.3,94.8
t9qmk,"(8.0, 76.5)",8.0,76.5
w22fq,"(1.8, 102.6)",1.8,102.6
tdcfm,"(15.9, 70.2)",15.9,70.2
w0xsj,"(3.5, 100.8)",3.5,100.8
w3hdk,"(6.0, 107.8)",6.0,107.8
tde2z,"(14.2, 72.4)",14.2,72.4
t9r0p,"(7.1, 77.7)",7.1,77.7
w0rzr,"(2.7, 101.2)",2.7,101.2
tbczq,"(5.5, 81.5)",5.5,81.5
w22nr,"(2.5, 101.6)",2.5,101.6
w114b,"(6.1, 91.4)",6.1,91.4
w2dgn,"(3.4, 105.4)",3.4,105.4
te3yu,"(19.5, 70.2)",19.5,70.2
w15gh,"(6.2, 95.5)",6.2,95.5
te624,"(18.3, 70.8)",18.3,70.8
tc03h,"(5.8, 79.3)",5.8,79.3
tkhd2,"(22.9, 62.6)",22.9,62.6
w111k,"(5.9, 91.6)",5.9,91.6
te457,"(17.5, 70.5)",17.5,70.5
w1hc4,"(5.8, 96.8)",5.8,96.8
tdk5v,"(13.3, 73.4)",13.3,73.4
tbcmv,"(5.3, 80.7)",5.3,80.7
ts12w,"(22.6, 69.5)",22.6,69.5
t7qw8,"(19.4, 65.4)",19.4,65.4
tcjc7,"(5.9, 87.0)",5.9,87.0
tebvp,"(22.0, 68.9)",22.0,68.9
w22fk,"(1.8, 102.5)",1.8,102.5
w0z5m,"(4.8, 100.1)",4.8,100.1
w10f2,"(6.0, 91.1)",6.0,91.1
ts095,"(22.7, 68.4)",22.7,68.4
tdeyq,"(15.2, 73.1)",15.2,73.1
w26z1,"(2.7, 105.2)",2.7,105.2
tbfxe,"(5.6, 82.4)",5.6,82.4
w0y65,"(4.6, 98.9)",4.6,98.9
w0y83,"(4.3, 99.2)",4.3,99.2
t9ppt,"(7.0, 77.6)",7.0,77.6
t7u98,"(21.4, 62.6)",21.4,62.6
t9vjh,"(10.7, 74.7)",10.7,74.7
tcj26,"(5.7, 86.2)",5.7,86.2
w2ej5,"(3.7, 105.6)",3.7,105.6
tc01y,"(6.0, 79.0)",6.0,79.0
tbczh,"(5.5, 81.4)",5.5,81.4
tdcmg,"(16.5, 69.4)",16.5,69.4
w15u5,"(6.4, 95.4)",6.4,95.4
t9vk4,"(10.6, 75.0)",10.6,75.0
t7pbf,"(17.0, 67.3)",17.0,67.3
t9pg6,"(6.2, 78.5)",6.2,78.5
t9pgy,"(6.3, 78.7)",6.3,78.7
w11eq,"(6.2, 92.4)",6.2,92.4
te7gg,"(19.0, 72.9)",19.0,72.9
tcj9w,"(5.9, 86.8)",5.9,86.8
tbczf,"(5.6, 81.3)",5.6,81.3
t9qdm,"(7.4, 76.9)",7.4,76.9
w0vwn,"(5.3, 98.0)",5.3,98.0
tcn9u,"(6.0, 88.1)",6.0,88.1
tdkky,"(13.5, 73.8)",13.5,73.8
w11cx,"(5.9, 92.8)",5.9,92.8
t9pu1,"(6.4, 78.5)",6.4,78.5
w24p5,"(1.3, 104.2)",1.3,104.2
w0xhs,"(3.6, 100.0)",3.6,100.0
w0zns,"(5.4, 100.0)",5.4,100.0
tburu,"(5.6, 84.9)",5.6,84.9
tc03k,"(5.9, 79.3)",5.9,79.3
tbbzc,"(5.6, 79.9)",5.6,79.9
w22pb,"(2.8, 101.3)",2.8,101.3
tbgx7,"(5.5, 83.8)",5.5,83.8
tcp1t,"(5.9, 88.8)",5.9,88.8
w2326,"(1.5, 103.1)",1.5,103.1
tcj3m,"(5.9, 86.4)",5.9,86.4
tedeh,"(20.2, 71.2)",20.2,71.2
w2dfk,"(3.2, 105.3)",3.2,105.3
w1h9b,"(6.0, 96.4)",6.0,96.4
w3h98,"(5.9, 107.6)",5.9,107.6
w0xq4,"(3.9, 100.3)",3.9,100.3
tdk4s,"(13.1, 73.3)",13.1,73.3
t9v91,"(10.0, 75.3)",10.0,75.3
ts18c,"(22.7, 69.7)",22.7,69.7
tcncb,"(6.0, 88.3)",6.0,88.3
t9v3p,"(10.0, 75.2)",10.0,75.2
tbgzt,"(5.6, 84.3)",5.6,84.3
tcn3y,"(6.0, 87.8)",6.0,87.8
w2340,"(1.8, 102.7)",1.8,102.7
tc08w,"(5.7, 79.7)",5.7,79.7
t7qb2,"(18.3, 65.8)",18.3,65.8
tcj33,"(5.9, 86.2)",5.9,86.2
t9v3n,"(10.0, 75.2)",10.0,75.2
tc42p,"(5.6, 82.2)",5.6,82.2
tbfrg,"(5.6, 82.1)",5.6,82.1
w2620,"(1.4, 104.4)",1.4,104.4
w0y6k,"(4.6, 99.0)",4.6,99.0
td7xs,"(14.0, 72.6)",14.0,72.6
tbgze,"(5.6, 84.2)",5.6,84.2
tcpcn,"(5.8, 89.9)",5.8,89.9
tch8y,"(5.8, 85.4)",5.8,85.4
w3h9f,"(6.0, 107.7)",6.0,107.7
w2enr,"(3.9, 105.8)",3.9,105.8
w1068,"(6.1, 90.4)",6.1,90.4
tbcrr,"(5.5, 80.8)",5.5,80.8
